2026-06-12 20:27:24,996 -  nornir.core -     INFO -        run() - Running task 'netmiko_send_config' with args {'config_commands': ['vlan 100', 'name Engineering', 'vlan 200', 'name Sales', 'vlan 300', 'name Management', 'exit']} on 1 hosts
2026-06-12 20:27:37,990 - nornir.core.task -    ERROR -      start() - Host 'switch1': task 'netmiko_send_config' failed with traceback:
Traceback (most recent call last):
  File "/home/alu/nornir/venv_nornir/lib/python3.12/site-packages/nornir/core/task.py", line 98, in start
    r = self.task(self, **self.params)
        ^^^^^^^^^^^^^^^^^^^^^^^^^^^^^^
  File "/home/alu/nornir/venv_nornir/lib/python3.12/site-packages/nornir_netmiko/tasks/netmiko_send_config.py", line 36, in netmiko_send_config
    net_connect.enable()
  File "/home/alu/nornir/venv_nornir/lib/python3.12/site-packages/netmiko/cisco_base_connection.py", line 27, in enable
    return super().enable(
           ^^^^^^^^^^^^^^^
  File "/home/alu/nornir/venv_nornir/lib/python3.12/site-packages/netmiko/base_connection.py", line 2061, in enable
    output += self.enable_secret_handler(pattern=pattern, output=output, re_flags=re_flags)
              ^^^^^^^^^^^^^^^^^^^^^^^^^^^^^^^^^^^^^^^^^^^^^^^^^^^^^^^^^^^^^^^^^^^^^^^^^^^^^
  File "/home/alu/nornir/venv_nornir/lib/python3.12/site-packages/netmiko/base_connection.py", line 2013, in enable_secret_handler
    new_output = self.read_until_prompt()
                 ^^^^^^^^^^^^^^^^^^^^^^^^
  File "/home/alu/nornir/venv_nornir/lib/python3.12/site-packages/netmiko/base_connection.py", line 841, in read_until_prompt
    return self.read_until_pattern(
           ^^^^^^^^^^^^^^^^^^^^^^^^
  File "/home/alu/nornir/venv_nornir/lib/python3.12/site-packages/netmiko/base_connection.py", line 750, in read_until_pattern
    raise ReadTimeout(msg)
netmiko.exceptions.ReadTimeout: 

Pattern not detected: 'sw1' in output.

Things you might try to fix this:
1. Adjust the regex pattern to better identify the terminating string. Note, in
many situations the pattern is automatically based on the network device's prompt.
2. Increase the read_timeout to a larger value.

You can also look at the Netmiko session_log or debug log for more information.



2026-06-19 20:22:04,160 -  nornir.core -     INFO -        run() - Running task 'netmiko_send_command' with args {'command_string': 'show version | include uptime'} on 2 hosts
2026-06-19 20:22:28,132 -  nornir.core -     INFO -        run() - Running task 'netmiko_send_command' with args {'command_string': 'show version | include Version|uptime'} on 2 hosts
2026-06-19 20:23:48,817 -  nornir.core -     INFO -        run() - Running task 'netmiko_send_command' with args {'command_string': 'show version | include Version|uptime'} on 2 hosts
2026-06-19 20:23:49,919 -  nornir.core -     INFO -        run() - Running task 'netmiko_send_command' with args {'command_string': 'show interfaces | include line protocol|is up'} on 2 hosts
2026-06-19 20:32:25,346 -  nornir.core -     INFO -        run() - Running task 'netmiko_send_command' with args {'command_string': 'show version | include Version|uptime'} on 2 hosts
2026-06-19 20:33:08,100 -  nornir.core -     INFO -        run() - Running task 'netmiko_send_command' with args {'command_string': 'sh ip int brief | i up | i up'} on 2 hosts
2026-06-19 20:34:44,875 -  nornir.core -     INFO -        run() - Running task 'netmiko_send_command' with args {'command_string': 'sh ip int brief | i up'} on 2 hosts
2026-06-19 20:36:58,024 -  nornir.core -     INFO -        run() - Running task 'netmiko_send_command' with args {'command_string': 'sh ip int brief | ex unassigned'} on 2 hosts
2026-08-18 16:55:49,508 -  nornir.core -     INFO -        run() - Running task 'netmiko_send_command' with args {'command_string': 'show version | include Version|uptime'} on 6 hosts
2026-08-18 16:55:49,511 - nornir.core.task -    ERROR -      start() - Host 'core1': task 'netmiko_send_command' failed with traceback:
Traceback (most recent call last):
  File "/home/alu/nornir/.venv/lib/python3.12/site-packages/nornir/core/task.py", line 102, in start
    r = self.task(self, **self.params)
        ^^^^^^^^^^^^^^^^^^^^^^^^^^^^^^
  File "/home/alu/nornir/.venv/lib/python3.12/site-packages/nornir_netmiko/tasks/netmiko_send_command.py", line 26, in netmiko_send_command
    net_connect = task.host.get_connection(CONNECTION_NAME, task.nornir.config)
                  ^^^^^^^^^^^^^^^^^^^^^^^^^^^^^^^^^^^^^^^^^^^^^^^^^^^^^^^^^^^^^
  File "/home/alu/nornir/.venv/lib/python3.12/site-packages/nornir/core/inventory.py", line 474, in get_connection
    self.open_connection(
  File "/home/alu/nornir/.venv/lib/python3.12/site-packages/nornir/core/inventory.py", line 526, in open_connection
    conn_obj.open(
  File "/home/alu/nornir/.venv/lib/python3.12/site-packages/nornir_netmiko/connections/netmiko.py", line 59, in open
    connection = ConnectHandler(**parameters)
                 ^^^^^^^^^^^^^^^^^^^^^^^^^^^^
  File "/home/alu/nornir/.venv/lib/python3.12/site-packages/netmiko/ssh_dispatcher.py", line 455, in ConnectHandler
    raise ValueError(
ValueError: Unsupported 'device_type' currently supported platforms are: 
a10
accedian
adtran_os
adva_fsp150f2
adva_fsp150f3
alaxala_ax26s
alaxala_ax36s
alcatel_aos
alcatel_sros
allied_telesis_awplus
apresia_aeos
arista_eos
arris_cer
aruba_aoscx
aruba_os
aruba_osswitch
aruba_procurve
asterfusion_asternos
audiocode_66
audiocode_72
audiocode_shell
avaya_ers
avaya_vsp
bintec_boss
broadcom_icos
brocade_fastiron
brocade_fos
brocade_netiron
brocade_nos
brocade_vdx
brocade_vyos
calix_b6
casa_cmts
cdot_cros
centec_os
checkpoint_gaia
ciena_saos
ciena_saos10
ciena_waveserver
cisco_apic
cisco_asa
cisco_ftd
cisco_ios
cisco_nxos
cisco_s200
cisco_s300
cisco_tp
cisco_viptela
cisco_wlc
cisco_xe
cisco_xr
cloudgenix_ion
corelight_linux
coriant
cumulus_linux
dell_dnos9
dell_force10
dell_isilon
dell_os10
dell_os6
dell_os9
dell_powerconnect
dell_sonic
digi_transport
dlink_ds
edgecore_sonic
ekinops_ek360
eltex
eltex_esr
endace
enterasys
ericsson_ipos
ericsson_mltn63
ericsson_mltn66
extreme
extreme_ers
extreme_exos
extreme_netiron
extreme_nos
extreme_slx
extreme_tierra
extreme_vdx
extreme_vsp
extreme_wing
f5_linux
f5_ltm
f5_tmsh
fiberstore_fsos
fiberstore_fsosv2
fiberstore_networkos
flexvnf
fortinet
garderos_grs
generic
generic_termserver
h3c_comware
hillstone_stoneos
hp_comware
hp_procurve
huawei
huawei_olt
huawei_smartax
huawei_smartaxmmi
huawei_vrp
huawei_vrpv8
infinera_packet
ipinfusion_ocnos
juniper
juniper_junos
juniper_screenos
keymile
keymile_nos
lancom_lcossx4
linux
maipu
mellanox
mellanox_mlnxos
mikrotik_routeros
mikrotik_switchos
mrv_lx
mrv_optiswitch
nec_ix
netapp_cdot
netgear_prosafe
netscaler
nokia_srl
nokia_sros
oneaccess_oneos
ovs_linux
paloalto_panos
pluribus
quanta_mesh
rad_etx
raisecom_roap
ruckus_fastiron
ruijie_os
silverpeak_vxoa
sixwind_os
sophos_sfos
supermicro_smis
telcosystems_binos
teldat_cit
tplink_jetstream
ubiquiti_edge
ubiquiti_edgerouter
ubiquiti_edgeswitch
ubiquiti_unifiswitch
vertiv_mph
vyatta_vyos
vyos
watchguard_fireware
yamaha
zte_zxros
zyxel_os

2026-08-18 16:55:49,511 - nornir.core.task -    ERROR -      start() - Host 'dist1': task 'netmiko_send_command' failed with traceback:
Traceback (most recent call last):
  File "/home/alu/nornir/.venv/lib/python3.12/site-packages/nornir/core/task.py", line 102, in start
    r = self.task(self, **self.params)
        ^^^^^^^^^^^^^^^^^^^^^^^^^^^^^^
  File "/home/alu/nornir/.venv/lib/python3.12/site-packages/nornir_netmiko/tasks/netmiko_send_command.py", line 26, in netmiko_send_command
    net_connect = task.host.get_connection(CONNECTION_NAME, task.nornir.config)
                  ^^^^^^^^^^^^^^^^^^^^^^^^^^^^^^^^^^^^^^^^^^^^^^^^^^^^^^^^^^^^^
  File "/home/alu/nornir/.venv/lib/python3.12/site-packages/nornir/core/inventory.py", line 474, in get_connection
    self.open_connection(
  File "/home/alu/nornir/.venv/lib/python3.12/site-packages/nornir/core/inventory.py", line 526, in open_connection
    conn_obj.open(
  File "/home/alu/nornir/.venv/lib/python3.12/site-packages/nornir_netmiko/connections/netmiko.py", line 59, in open
    connection = ConnectHandler(**parameters)
                 ^^^^^^^^^^^^^^^^^^^^^^^^^^^^
  File "/home/alu/nornir/.venv/lib/python3.12/site-packages/netmiko/ssh_dispatcher.py", line 455, in ConnectHandler
    raise ValueError(
ValueError: Unsupported 'device_type' currently supported platforms are: 
a10
accedian
adtran_os
adva_fsp150f2
adva_fsp150f3
alaxala_ax26s
alaxala_ax36s
alcatel_aos
alcatel_sros
allied_telesis_awplus
apresia_aeos
arista_eos
arris_cer
aruba_aoscx
aruba_os
aruba_osswitch
aruba_procurve
asterfusion_asternos
audiocode_66
audiocode_72
audiocode_shell
avaya_ers
avaya_vsp
bintec_boss
broadcom_icos
brocade_fastiron
brocade_fos
brocade_netiron
brocade_nos
brocade_vdx
brocade_vyos
calix_b6
casa_cmts
cdot_cros
centec_os
checkpoint_gaia
ciena_saos
ciena_saos10
ciena_waveserver
cisco_apic
cisco_asa
cisco_ftd
cisco_ios
cisco_nxos
cisco_s200
cisco_s300
cisco_tp
cisco_viptela
cisco_wlc
cisco_xe
cisco_xr
cloudgenix_ion
corelight_linux
coriant
cumulus_linux
dell_dnos9
dell_force10
dell_isilon
dell_os10
dell_os6
dell_os9
dell_powerconnect
dell_sonic
digi_transport
dlink_ds
edgecore_sonic
ekinops_ek360
eltex
eltex_esr
endace
enterasys
ericsson_ipos
ericsson_mltn63
ericsson_mltn66
extreme
extreme_ers
extreme_exos
extreme_netiron
extreme_nos
extreme_slx
extreme_tierra
extreme_vdx
extreme_vsp
extreme_wing
f5_linux
f5_ltm
f5_tmsh
fiberstore_fsos
fiberstore_fsosv2
fiberstore_networkos
flexvnf
fortinet
garderos_grs
generic
generic_termserver
h3c_comware
hillstone_stoneos
hp_comware
hp_procurve
huawei
huawei_olt
huawei_smartax
huawei_smartaxmmi
huawei_vrp
huawei_vrpv8
infinera_packet
ipinfusion_ocnos
juniper
juniper_junos
juniper_screenos
keymile
keymile_nos
lancom_lcossx4
linux
maipu
mellanox
mellanox_mlnxos
mikrotik_routeros
mikrotik_switchos
mrv_lx
mrv_optiswitch
nec_ix
netapp_cdot
netgear_prosafe
netscaler
nokia_srl
nokia_sros
oneaccess_oneos
ovs_linux
paloalto_panos
pluribus
quanta_mesh
rad_etx
raisecom_roap
ruckus_fastiron
ruijie_os
silverpeak_vxoa
sixwind_os
sophos_sfos
supermicro_smis
telcosystems_binos
teldat_cit
tplink_jetstream
ubiquiti_edge
ubiquiti_edgerouter
ubiquiti_edgeswitch
ubiquiti_unifiswitch
vertiv_mph
vyatta_vyos
vyos
watchguard_fireware
yamaha
zte_zxros
zyxel_os

2026-08-18 16:55:49,512 - nornir.core.task -    ERROR -      start() - Host 'core2': task 'netmiko_send_command' failed with traceback:
Traceback (most recent call last):
  File "/home/alu/nornir/.venv/lib/python3.12/site-packages/nornir/core/task.py", line 102, in start
    r = self.task(self, **self.params)
        ^^^^^^^^^^^^^^^^^^^^^^^^^^^^^^
  File "/home/alu/nornir/.venv/lib/python3.12/site-packages/nornir_netmiko/tasks/netmiko_send_command.py", line 26, in netmiko_send_command
    net_connect = task.host.get_connection(CONNECTION_NAME, task.nornir.config)
                  ^^^^^^^^^^^^^^^^^^^^^^^^^^^^^^^^^^^^^^^^^^^^^^^^^^^^^^^^^^^^^
  File "/home/alu/nornir/.venv/lib/python3.12/site-packages/nornir/core/inventory.py", line 474, in get_connection
    self.open_connection(
  File "/home/alu/nornir/.venv/lib/python3.12/site-packages/nornir/core/inventory.py", line 526, in open_connection
    conn_obj.open(
  File "/home/alu/nornir/.venv/lib/python3.12/site-packages/nornir_netmiko/connections/netmiko.py", line 59, in open
    connection = ConnectHandler(**parameters)
                 ^^^^^^^^^^^^^^^^^^^^^^^^^^^^
  File "/home/alu/nornir/.venv/lib/python3.12/site-packages/netmiko/ssh_dispatcher.py", line 455, in ConnectHandler
    raise ValueError(
ValueError: Unsupported 'device_type' currently supported platforms are: 
a10
accedian
adtran_os
adva_fsp150f2
adva_fsp150f3
alaxala_ax26s
alaxala_ax36s
alcatel_aos
alcatel_sros
allied_telesis_awplus
apresia_aeos
arista_eos
arris_cer
aruba_aoscx
aruba_os
aruba_osswitch
aruba_procurve
asterfusion_asternos
audiocode_66
audiocode_72
audiocode_shell
avaya_ers
avaya_vsp
bintec_boss
broadcom_icos
brocade_fastiron
brocade_fos
brocade_netiron
brocade_nos
brocade_vdx
brocade_vyos
calix_b6
casa_cmts
cdot_cros
centec_os
checkpoint_gaia
ciena_saos
ciena_saos10
ciena_waveserver
cisco_apic
cisco_asa
cisco_ftd
cisco_ios
cisco_nxos
cisco_s200
cisco_s300
cisco_tp
cisco_viptela
cisco_wlc
cisco_xe
cisco_xr
cloudgenix_ion
corelight_linux
coriant
cumulus_linux
dell_dnos9
dell_force10
dell_isilon
dell_os10
dell_os6
dell_os9
dell_powerconnect
dell_sonic
digi_transport
dlink_ds
edgecore_sonic
ekinops_ek360
eltex
eltex_esr
endace
enterasys
ericsson_ipos
ericsson_mltn63
ericsson_mltn66
extreme
extreme_ers
extreme_exos
extreme_netiron
extreme_nos
extreme_slx
extreme_tierra
extreme_vdx
extreme_vsp
extreme_wing
f5_linux
f5_ltm
f5_tmsh
fiberstore_fsos
fiberstore_fsosv2
fiberstore_networkos
flexvnf
fortinet
garderos_grs
generic
generic_termserver
h3c_comware
hillstone_stoneos
hp_comware
hp_procurve
huawei
huawei_olt
huawei_smartax
huawei_smartaxmmi
huawei_vrp
huawei_vrpv8
infinera_packet
ipinfusion_ocnos
juniper
juniper_junos
juniper_screenos
keymile
keymile_nos
lancom_lcossx4
linux
maipu
mellanox
mellanox_mlnxos
mikrotik_routeros
mikrotik_switchos
mrv_lx
mrv_optiswitch
nec_ix
netapp_cdot
netgear_prosafe
netscaler
nokia_srl
nokia_sros
oneaccess_oneos
ovs_linux
paloalto_panos
pluribus
quanta_mesh
rad_etx
raisecom_roap
ruckus_fastiron
ruijie_os
silverpeak_vxoa
sixwind_os
sophos_sfos
supermicro_smis
telcosystems_binos
teldat_cit
tplink_jetstream
ubiquiti_edge
ubiquiti_edgerouter
ubiquiti_edgeswitch
ubiquiti_unifiswitch
vertiv_mph
vyatta_vyos
vyos
watchguard_fireware
yamaha
zte_zxros
zyxel_os

2026-08-18 16:55:49,513 - nornir.core.task -    ERROR -      start() - Host 'access2': task 'netmiko_send_command' failed with traceback:
Traceback (most recent call last):
  File "/home/alu/nornir/.venv/lib/python3.12/site-packages/nornir/core/task.py", line 102, in start
    r = self.task(self, **self.params)
        ^^^^^^^^^^^^^^^^^^^^^^^^^^^^^^
  File "/home/alu/nornir/.venv/lib/python3.12/site-packages/nornir_netmiko/tasks/netmiko_send_command.py", line 26, in netmiko_send_command
    net_connect = task.host.get_connection(CONNECTION_NAME, task.nornir.config)
                  ^^^^^^^^^^^^^^^^^^^^^^^^^^^^^^^^^^^^^^^^^^^^^^^^^^^^^^^^^^^^^
  File "/home/alu/nornir/.venv/lib/python3.12/site-packages/nornir/core/inventory.py", line 474, in get_connection
    self.open_connection(
  File "/home/alu/nornir/.venv/lib/python3.12/site-packages/nornir/core/inventory.py", line 526, in open_connection
    conn_obj.open(
  File "/home/alu/nornir/.venv/lib/python3.12/site-packages/nornir_netmiko/connections/netmiko.py", line 59, in open
    connection = ConnectHandler(**parameters)
                 ^^^^^^^^^^^^^^^^^^^^^^^^^^^^
  File "/home/alu/nornir/.venv/lib/python3.12/site-packages/netmiko/ssh_dispatcher.py", line 455, in ConnectHandler
    raise ValueError(
ValueError: Unsupported 'device_type' currently supported platforms are: 
a10
accedian
adtran_os
adva_fsp150f2
adva_fsp150f3
alaxala_ax26s
alaxala_ax36s
alcatel_aos
alcatel_sros
allied_telesis_awplus
apresia_aeos
arista_eos
arris_cer
aruba_aoscx
aruba_os
aruba_osswitch
aruba_procurve
asterfusion_asternos
audiocode_66
audiocode_72
audiocode_shell
avaya_ers
avaya_vsp
bintec_boss
broadcom_icos
brocade_fastiron
brocade_fos
brocade_netiron
brocade_nos
brocade_vdx
brocade_vyos
calix_b6
casa_cmts
cdot_cros
centec_os
checkpoint_gaia
ciena_saos
ciena_saos10
ciena_waveserver
cisco_apic
cisco_asa
cisco_ftd
cisco_ios
cisco_nxos
cisco_s200
cisco_s300
cisco_tp
cisco_viptela
cisco_wlc
cisco_xe
cisco_xr
cloudgenix_ion
corelight_linux
coriant
cumulus_linux
dell_dnos9
dell_force10
dell_isilon
dell_os10
dell_os6
dell_os9
dell_powerconnect
dell_sonic
digi_transport
dlink_ds
edgecore_sonic
ekinops_ek360
eltex
eltex_esr
endace
enterasys
ericsson_ipos
ericsson_mltn63
ericsson_mltn66
extreme
extreme_ers
extreme_exos
extreme_netiron
extreme_nos
extreme_slx
extreme_tierra
extreme_vdx
extreme_vsp
extreme_wing
f5_linux
f5_ltm
f5_tmsh
fiberstore_fsos
fiberstore_fsosv2
fiberstore_networkos
flexvnf
fortinet
garderos_grs
generic
generic_termserver
h3c_comware
hillstone_stoneos
hp_comware
hp_procurve
huawei
huawei_olt
huawei_smartax
huawei_smartaxmmi
huawei_vrp
huawei_vrpv8
infinera_packet
ipinfusion_ocnos
juniper
juniper_junos
juniper_screenos
keymile
keymile_nos
lancom_lcossx4
linux
maipu
mellanox
mellanox_mlnxos
mikrotik_routeros
mikrotik_switchos
mrv_lx
mrv_optiswitch
nec_ix
netapp_cdot
netgear_prosafe
netscaler
nokia_srl
nokia_sros
oneaccess_oneos
ovs_linux
paloalto_panos
pluribus
quanta_mesh
rad_etx
raisecom_roap
ruckus_fastiron
ruijie_os
silverpeak_vxoa
sixwind_os
sophos_sfos
supermicro_smis
telcosystems_binos
teldat_cit
tplink_jetstream
ubiquiti_edge
ubiquiti_edgerouter
ubiquiti_edgeswitch
ubiquiti_unifiswitch
vertiv_mph
vyatta_vyos
vyos
watchguard_fireware
yamaha
zte_zxros
zyxel_os

2026-08-18 16:55:49,514 - nornir.core.task -    ERROR -      start() - Host 'access1': task 'netmiko_send_command' failed with traceback:
Traceback (most recent call last):
  File "/home/alu/nornir/.venv/lib/python3.12/site-packages/nornir/core/task.py", line 102, in start
    r = self.task(self, **self.params)
        ^^^^^^^^^^^^^^^^^^^^^^^^^^^^^^
  File "/home/alu/nornir/.venv/lib/python3.12/site-packages/nornir_netmiko/tasks/netmiko_send_command.py", line 26, in netmiko_send_command
    net_connect = task.host.get_connection(CONNECTION_NAME, task.nornir.config)
                  ^^^^^^^^^^^^^^^^^^^^^^^^^^^^^^^^^^^^^^^^^^^^^^^^^^^^^^^^^^^^^
  File "/home/alu/nornir/.venv/lib/python3.12/site-packages/nornir/core/inventory.py", line 474, in get_connection
    self.open_connection(
  File "/home/alu/nornir/.venv/lib/python3.12/site-packages/nornir/core/inventory.py", line 526, in open_connection
    conn_obj.open(
  File "/home/alu/nornir/.venv/lib/python3.12/site-packages/nornir_netmiko/connections/netmiko.py", line 59, in open
    connection = ConnectHandler(**parameters)
                 ^^^^^^^^^^^^^^^^^^^^^^^^^^^^
  File "/home/alu/nornir/.venv/lib/python3.12/site-packages/netmiko/ssh_dispatcher.py", line 455, in ConnectHandler
    raise ValueError(
ValueError: Unsupported 'device_type' currently supported platforms are: 
a10
accedian
adtran_os
adva_fsp150f2
adva_fsp150f3
alaxala_ax26s
alaxala_ax36s
alcatel_aos
alcatel_sros
allied_telesis_awplus
apresia_aeos
arista_eos
arris_cer
aruba_aoscx
aruba_os
aruba_osswitch
aruba_procurve
asterfusion_asternos
audiocode_66
audiocode_72
audiocode_shell
avaya_ers
avaya_vsp
bintec_boss
broadcom_icos
brocade_fastiron
brocade_fos
brocade_netiron
brocade_nos
brocade_vdx
brocade_vyos
calix_b6
casa_cmts
cdot_cros
centec_os
checkpoint_gaia
ciena_saos
ciena_saos10
ciena_waveserver
cisco_apic
cisco_asa
cisco_ftd
cisco_ios
cisco_nxos
cisco_s200
cisco_s300
cisco_tp
cisco_viptela
cisco_wlc
cisco_xe
cisco_xr
cloudgenix_ion
corelight_linux
coriant
cumulus_linux
dell_dnos9
dell_force10
dell_isilon
dell_os10
dell_os6
dell_os9
dell_powerconnect
dell_sonic
digi_transport
dlink_ds
edgecore_sonic
ekinops_ek360
eltex
eltex_esr
endace
enterasys
ericsson_ipos
ericsson_mltn63
ericsson_mltn66
extreme
extreme_ers
extreme_exos
extreme_netiron
extreme_nos
extreme_slx
extreme_tierra
extreme_vdx
extreme_vsp
extreme_wing
f5_linux
f5_ltm
f5_tmsh
fiberstore_fsos
fiberstore_fsosv2
fiberstore_networkos
flexvnf
fortinet
garderos_grs
generic
generic_termserver
h3c_comware
hillstone_stoneos
hp_comware
hp_procurve
huawei
huawei_olt
huawei_smartax
huawei_smartaxmmi
huawei_vrp
huawei_vrpv8
infinera_packet
ipinfusion_ocnos
juniper
juniper_junos
juniper_screenos
keymile
keymile_nos
lancom_lcossx4
linux
maipu
mellanox
mellanox_mlnxos
mikrotik_routeros
mikrotik_switchos
mrv_lx
mrv_optiswitch
nec_ix
netapp_cdot
netgear_prosafe
netscaler
nokia_srl
nokia_sros
oneaccess_oneos
ovs_linux
paloalto_panos
pluribus
quanta_mesh
rad_etx
raisecom_roap
ruckus_fastiron
ruijie_os
silverpeak_vxoa
sixwind_os
sophos_sfos
supermicro_smis
telcosystems_binos
teldat_cit
tplink_jetstream
ubiquiti_edge
ubiquiti_edgerouter
ubiquiti_edgeswitch
ubiquiti_unifiswitch
vertiv_mph
vyatta_vyos
vyos
watchguard_fireware
yamaha
zte_zxros
zyxel_os

2026-08-18 16:55:49,514 - nornir.core.task -    ERROR -      start() - Host 'dist2': task 'netmiko_send_command' failed with traceback:
Traceback (most recent call last):
  File "/home/alu/nornir/.venv/lib/python3.12/site-packages/nornir/core/task.py", line 102, in start
    r = self.task(self, **self.params)
        ^^^^^^^^^^^^^^^^^^^^^^^^^^^^^^
  File "/home/alu/nornir/.venv/lib/python3.12/site-packages/nornir_netmiko/tasks/netmiko_send_command.py", line 26, in netmiko_send_command
    net_connect = task.host.get_connection(CONNECTION_NAME, task.nornir.config)
                  ^^^^^^^^^^^^^^^^^^^^^^^^^^^^^^^^^^^^^^^^^^^^^^^^^^^^^^^^^^^^^
  File "/home/alu/nornir/.venv/lib/python3.12/site-packages/nornir/core/inventory.py", line 474, in get_connection
    self.open_connection(
  File "/home/alu/nornir/.venv/lib/python3.12/site-packages/nornir/core/inventory.py", line 526, in open_connection
    conn_obj.open(
  File "/home/alu/nornir/.venv/lib/python3.12/site-packages/nornir_netmiko/connections/netmiko.py", line 59, in open
    connection = ConnectHandler(**parameters)
                 ^^^^^^^^^^^^^^^^^^^^^^^^^^^^
  File "/home/alu/nornir/.venv/lib/python3.12/site-packages/netmiko/ssh_dispatcher.py", line 455, in ConnectHandler
    raise ValueError(
ValueError: Unsupported 'device_type' currently supported platforms are: 
a10
accedian
adtran_os
adva_fsp150f2
adva_fsp150f3
alaxala_ax26s
alaxala_ax36s
alcatel_aos
alcatel_sros
allied_telesis_awplus
apresia_aeos
arista_eos
arris_cer
aruba_aoscx
aruba_os
aruba_osswitch
aruba_procurve
asterfusion_asternos
audiocode_66
audiocode_72
audiocode_shell
avaya_ers
avaya_vsp
bintec_boss
broadcom_icos
brocade_fastiron
brocade_fos
brocade_netiron
brocade_nos
brocade_vdx
brocade_vyos
calix_b6
casa_cmts
cdot_cros
centec_os
checkpoint_gaia
ciena_saos
ciena_saos10
ciena_waveserver
cisco_apic
cisco_asa
cisco_ftd
cisco_ios
cisco_nxos
cisco_s200
cisco_s300
cisco_tp
cisco_viptela
cisco_wlc
cisco_xe
cisco_xr
cloudgenix_ion
corelight_linux
coriant
cumulus_linux
dell_dnos9
dell_force10
dell_isilon
dell_os10
dell_os6
dell_os9
dell_powerconnect
dell_sonic
digi_transport
dlink_ds
edgecore_sonic
ekinops_ek360
eltex
eltex_esr
endace
enterasys
ericsson_ipos
ericsson_mltn63
ericsson_mltn66
extreme
extreme_ers
extreme_exos
extreme_netiron
extreme_nos
extreme_slx
extreme_tierra
extreme_vdx
extreme_vsp
extreme_wing
f5_linux
f5_ltm
f5_tmsh
fiberstore_fsos
fiberstore_fsosv2
fiberstore_networkos
flexvnf
fortinet
garderos_grs
generic
generic_termserver
h3c_comware
hillstone_stoneos
hp_comware
hp_procurve
huawei
huawei_olt
huawei_smartax
huawei_smartaxmmi
huawei_vrp
huawei_vrpv8
infinera_packet
ipinfusion_ocnos
juniper
juniper_junos
juniper_screenos
keymile
keymile_nos
lancom_lcossx4
linux
maipu
mellanox
mellanox_mlnxos
mikrotik_routeros
mikrotik_switchos
mrv_lx
mrv_optiswitch
nec_ix
netapp_cdot
netgear_prosafe
netscaler
nokia_srl
nokia_sros
oneaccess_oneos
ovs_linux
paloalto_panos
pluribus
quanta_mesh
rad_etx
raisecom_roap
ruckus_fastiron
ruijie_os
silverpeak_vxoa
sixwind_os
sophos_sfos
supermicro_smis
telcosystems_binos
teldat_cit
tplink_jetstream
ubiquiti_edge
ubiquiti_edgerouter
ubiquiti_edgeswitch
ubiquiti_unifiswitch
vertiv_mph
vyatta_vyos
vyos
watchguard_fireware
yamaha
zte_zxros
zyxel_os

2026-08-18 16:56:20,067 -  nornir.core -     INFO -        run() - Running task 'netmiko_send_command' with args {'command_string': 'show version | include Version|uptime'} on 6 hosts
2026-08-18 16:56:22,062 - nornir.core.task -    ERROR -      start() - Host 'dist1': task 'netmiko_send_command' failed with traceback:
Traceback (most recent call last):
  File "/home/alu/nornir/.venv/lib/python3.12/site-packages/netmiko/base_connection.py", line 1146, in establish_connection
    self.remote_conn_pre.connect(**ssh_connect_params)
  File "/home/alu/nornir/.venv/lib/python3.12/site-packages/paramiko/client.py", line 477, in connect
    self._auth(
  File "/home/alu/nornir/.venv/lib/python3.12/site-packages/paramiko/client.py", line 779, in _auth
    raise saved_exception
  File "/home/alu/nornir/.venv/lib/python3.12/site-packages/paramiko/client.py", line 766, in _auth
    self._transport.auth_password(username, password)
  File "/home/alu/nornir/.venv/lib/python3.12/site-packages/paramiko/transport.py", line 1529, in auth_password
    return self.auth_handler.wait_for_response(my_event)
           ^^^^^^^^^^^^^^^^^^^^^^^^^^^^^^^^^^^^^^^^^^^^^
  File "/home/alu/nornir/.venv/lib/python3.12/site-packages/paramiko/auth_handler.py", line 227, in wait_for_response
    raise e
paramiko.ssh_exception.AuthenticationException: Authentication failed.

During handling of the above exception, another exception occurred:

Traceback (most recent call last):
  File "/home/alu/nornir/.venv/lib/python3.12/site-packages/nornir/core/task.py", line 102, in start
    r = self.task(self, **self.params)
        ^^^^^^^^^^^^^^^^^^^^^^^^^^^^^^
  File "/home/alu/nornir/.venv/lib/python3.12/site-packages/nornir_netmiko/tasks/netmiko_send_command.py", line 26, in netmiko_send_command
    net_connect = task.host.get_connection(CONNECTION_NAME, task.nornir.config)
                  ^^^^^^^^^^^^^^^^^^^^^^^^^^^^^^^^^^^^^^^^^^^^^^^^^^^^^^^^^^^^^
  File "/home/alu/nornir/.venv/lib/python3.12/site-packages/nornir/core/inventory.py", line 474, in get_connection
    self.open_connection(
  File "/home/alu/nornir/.venv/lib/python3.12/site-packages/nornir/core/inventory.py", line 526, in open_connection
    conn_obj.open(
  File "/home/alu/nornir/.venv/lib/python3.12/site-packages/nornir_netmiko/connections/netmiko.py", line 59, in open
    connection = ConnectHandler(**parameters)
                 ^^^^^^^^^^^^^^^^^^^^^^^^^^^^
  File "/home/alu/nornir/.venv/lib/python3.12/site-packages/netmiko/ssh_dispatcher.py", line 460, in ConnectHandler
    return ConnectionClass(*args, **kwargs)
           ^^^^^^^^^^^^^^^^^^^^^^^^^^^^^^^^
  File "/home/alu/nornir/.venv/lib/python3.12/site-packages/netmiko/aruba/aruba_aoscx.py", line 18, in __init__
    return super().__init__(**kwargs)
           ^^^^^^^^^^^^^^^^^^^^^^^^^^
  File "/home/alu/nornir/.venv/lib/python3.12/site-packages/netmiko/base_connection.py", line 495, in __init__
    self._open()
  File "/home/alu/nornir/.venv/lib/python3.12/site-packages/netmiko/base_connection.py", line 500, in _open
    self.establish_connection()
  File "/home/alu/nornir/.venv/lib/python3.12/site-packages/netmiko/base_connection.py", line 1183, in establish_connection
    raise NetmikoAuthenticationException(msg)
netmiko.exceptions.NetmikoAuthenticationException: Authentication to device failed.

Common causes of this problem are:
1. Invalid username and password
2. Incorrect SSH-key file
3. Connecting to the wrong device

Device settings: aruba_aoscx 10.1.1.63:22

Authentication failed.

2026-08-18 16:56:22,292 - nornir.core.task -    ERROR -      start() - Host 'dist2': task 'netmiko_send_command' failed with traceback:
Traceback (most recent call last):
  File "/home/alu/nornir/.venv/lib/python3.12/site-packages/netmiko/base_connection.py", line 1146, in establish_connection
    self.remote_conn_pre.connect(**ssh_connect_params)
  File "/home/alu/nornir/.venv/lib/python3.12/site-packages/paramiko/client.py", line 477, in connect
    self._auth(
  File "/home/alu/nornir/.venv/lib/python3.12/site-packages/paramiko/client.py", line 779, in _auth
    raise saved_exception
  File "/home/alu/nornir/.venv/lib/python3.12/site-packages/paramiko/client.py", line 766, in _auth
    self._transport.auth_password(username, password)
  File "/home/alu/nornir/.venv/lib/python3.12/site-packages/paramiko/transport.py", line 1529, in auth_password
    return self.auth_handler.wait_for_response(my_event)
           ^^^^^^^^^^^^^^^^^^^^^^^^^^^^^^^^^^^^^^^^^^^^^
  File "/home/alu/nornir/.venv/lib/python3.12/site-packages/paramiko/auth_handler.py", line 227, in wait_for_response
    raise e
paramiko.ssh_exception.AuthenticationException: Authentication failed.

During handling of the above exception, another exception occurred:

Traceback (most recent call last):
  File "/home/alu/nornir/.venv/lib/python3.12/site-packages/nornir/core/task.py", line 102, in start
    r = self.task(self, **self.params)
        ^^^^^^^^^^^^^^^^^^^^^^^^^^^^^^
  File "/home/alu/nornir/.venv/lib/python3.12/site-packages/nornir_netmiko/tasks/netmiko_send_command.py", line 26, in netmiko_send_command
    net_connect = task.host.get_connection(CONNECTION_NAME, task.nornir.config)
                  ^^^^^^^^^^^^^^^^^^^^^^^^^^^^^^^^^^^^^^^^^^^^^^^^^^^^^^^^^^^^^
  File "/home/alu/nornir/.venv/lib/python3.12/site-packages/nornir/core/inventory.py", line 474, in get_connection
    self.open_connection(
  File "/home/alu/nornir/.venv/lib/python3.12/site-packages/nornir/core/inventory.py", line 526, in open_connection
    conn_obj.open(
  File "/home/alu/nornir/.venv/lib/python3.12/site-packages/nornir_netmiko/connections/netmiko.py", line 59, in open
    connection = ConnectHandler(**parameters)
                 ^^^^^^^^^^^^^^^^^^^^^^^^^^^^
  File "/home/alu/nornir/.venv/lib/python3.12/site-packages/netmiko/ssh_dispatcher.py", line 460, in ConnectHandler
    return ConnectionClass(*args, **kwargs)
           ^^^^^^^^^^^^^^^^^^^^^^^^^^^^^^^^
  File "/home/alu/nornir/.venv/lib/python3.12/site-packages/netmiko/aruba/aruba_aoscx.py", line 18, in __init__
    return super().__init__(**kwargs)
           ^^^^^^^^^^^^^^^^^^^^^^^^^^
  File "/home/alu/nornir/.venv/lib/python3.12/site-packages/netmiko/base_connection.py", line 495, in __init__
    self._open()
  File "/home/alu/nornir/.venv/lib/python3.12/site-packages/netmiko/base_connection.py", line 500, in _open
    self.establish_connection()
  File "/home/alu/nornir/.venv/lib/python3.12/site-packages/netmiko/base_connection.py", line 1183, in establish_connection
    raise NetmikoAuthenticationException(msg)
netmiko.exceptions.NetmikoAuthenticationException: Authentication to device failed.

Common causes of this problem are:
1. Invalid username and password
2. Incorrect SSH-key file
3. Connecting to the wrong device

Device settings: aruba_aoscx 10.1.1.64:22

Authentication failed.

2026-08-18 16:56:22,371 - nornir.core.task -    ERROR -      start() - Host 'access2': task 'netmiko_send_command' failed with traceback:
Traceback (most recent call last):
  File "/home/alu/nornir/.venv/lib/python3.12/site-packages/netmiko/base_connection.py", line 1146, in establish_connection
    self.remote_conn_pre.connect(**ssh_connect_params)
  File "/home/alu/nornir/.venv/lib/python3.12/site-packages/paramiko/client.py", line 477, in connect
    self._auth(
  File "/home/alu/nornir/.venv/lib/python3.12/site-packages/paramiko/client.py", line 779, in _auth
    raise saved_exception
  File "/home/alu/nornir/.venv/lib/python3.12/site-packages/paramiko/client.py", line 766, in _auth
    self._transport.auth_password(username, password)
  File "/home/alu/nornir/.venv/lib/python3.12/site-packages/paramiko/transport.py", line 1529, in auth_password
    return self.auth_handler.wait_for_response(my_event)
           ^^^^^^^^^^^^^^^^^^^^^^^^^^^^^^^^^^^^^^^^^^^^^
  File "/home/alu/nornir/.venv/lib/python3.12/site-packages/paramiko/auth_handler.py", line 227, in wait_for_response
    raise e
paramiko.ssh_exception.AuthenticationException: Authentication failed.

During handling of the above exception, another exception occurred:

Traceback (most recent call last):
  File "/home/alu/nornir/.venv/lib/python3.12/site-packages/nornir/core/task.py", line 102, in start
    r = self.task(self, **self.params)
        ^^^^^^^^^^^^^^^^^^^^^^^^^^^^^^
  File "/home/alu/nornir/.venv/lib/python3.12/site-packages/nornir_netmiko/tasks/netmiko_send_command.py", line 26, in netmiko_send_command
    net_connect = task.host.get_connection(CONNECTION_NAME, task.nornir.config)
                  ^^^^^^^^^^^^^^^^^^^^^^^^^^^^^^^^^^^^^^^^^^^^^^^^^^^^^^^^^^^^^
  File "/home/alu/nornir/.venv/lib/python3.12/site-packages/nornir/core/inventory.py", line 474, in get_connection
    self.open_connection(
  File "/home/alu/nornir/.venv/lib/python3.12/site-packages/nornir/core/inventory.py", line 526, in open_connection
    conn_obj.open(
  File "/home/alu/nornir/.venv/lib/python3.12/site-packages/nornir_netmiko/connections/netmiko.py", line 59, in open
    connection = ConnectHandler(**parameters)
                 ^^^^^^^^^^^^^^^^^^^^^^^^^^^^
  File "/home/alu/nornir/.venv/lib/python3.12/site-packages/netmiko/ssh_dispatcher.py", line 460, in ConnectHandler
    return ConnectionClass(*args, **kwargs)
           ^^^^^^^^^^^^^^^^^^^^^^^^^^^^^^^^
  File "/home/alu/nornir/.venv/lib/python3.12/site-packages/netmiko/aruba/aruba_aoscx.py", line 18, in __init__
    return super().__init__(**kwargs)
           ^^^^^^^^^^^^^^^^^^^^^^^^^^
  File "/home/alu/nornir/.venv/lib/python3.12/site-packages/netmiko/base_connection.py", line 495, in __init__
    self._open()
  File "/home/alu/nornir/.venv/lib/python3.12/site-packages/netmiko/base_connection.py", line 500, in _open
    self.establish_connection()
  File "/home/alu/nornir/.venv/lib/python3.12/site-packages/netmiko/base_connection.py", line 1183, in establish_connection
    raise NetmikoAuthenticationException(msg)
netmiko.exceptions.NetmikoAuthenticationException: Authentication to device failed.

Common causes of this problem are:
1. Invalid username and password
2. Incorrect SSH-key file
3. Connecting to the wrong device

Device settings: aruba_aoscx 10.1.1.66:22

Authentication failed.

2026-08-18 16:56:22,407 - nornir.core.task -    ERROR -      start() - Host 'core2': task 'netmiko_send_command' failed with traceback:
Traceback (most recent call last):
  File "/home/alu/nornir/.venv/lib/python3.12/site-packages/netmiko/base_connection.py", line 1146, in establish_connection
    self.remote_conn_pre.connect(**ssh_connect_params)
  File "/home/alu/nornir/.venv/lib/python3.12/site-packages/paramiko/client.py", line 477, in connect
    self._auth(
  File "/home/alu/nornir/.venv/lib/python3.12/site-packages/paramiko/client.py", line 779, in _auth
    raise saved_exception
  File "/home/alu/nornir/.venv/lib/python3.12/site-packages/paramiko/client.py", line 766, in _auth
    self._transport.auth_password(username, password)
  File "/home/alu/nornir/.venv/lib/python3.12/site-packages/paramiko/transport.py", line 1529, in auth_password
    return self.auth_handler.wait_for_response(my_event)
           ^^^^^^^^^^^^^^^^^^^^^^^^^^^^^^^^^^^^^^^^^^^^^
  File "/home/alu/nornir/.venv/lib/python3.12/site-packages/paramiko/auth_handler.py", line 227, in wait_for_response
    raise e
paramiko.ssh_exception.AuthenticationException: Authentication failed.

During handling of the above exception, another exception occurred:

Traceback (most recent call last):
  File "/home/alu/nornir/.venv/lib/python3.12/site-packages/nornir/core/task.py", line 102, in start
    r = self.task(self, **self.params)
        ^^^^^^^^^^^^^^^^^^^^^^^^^^^^^^
  File "/home/alu/nornir/.venv/lib/python3.12/site-packages/nornir_netmiko/tasks/netmiko_send_command.py", line 26, in netmiko_send_command
    net_connect = task.host.get_connection(CONNECTION_NAME, task.nornir.config)
                  ^^^^^^^^^^^^^^^^^^^^^^^^^^^^^^^^^^^^^^^^^^^^^^^^^^^^^^^^^^^^^
  File "/home/alu/nornir/.venv/lib/python3.12/site-packages/nornir/core/inventory.py", line 474, in get_connection
    self.open_connection(
  File "/home/alu/nornir/.venv/lib/python3.12/site-packages/nornir/core/inventory.py", line 526, in open_connection
    conn_obj.open(
  File "/home/alu/nornir/.venv/lib/python3.12/site-packages/nornir_netmiko/connections/netmiko.py", line 59, in open
    connection = ConnectHandler(**parameters)
                 ^^^^^^^^^^^^^^^^^^^^^^^^^^^^
  File "/home/alu/nornir/.venv/lib/python3.12/site-packages/netmiko/ssh_dispatcher.py", line 460, in ConnectHandler
    return ConnectionClass(*args, **kwargs)
           ^^^^^^^^^^^^^^^^^^^^^^^^^^^^^^^^
  File "/home/alu/nornir/.venv/lib/python3.12/site-packages/netmiko/aruba/aruba_aoscx.py", line 18, in __init__
    return super().__init__(**kwargs)
           ^^^^^^^^^^^^^^^^^^^^^^^^^^
  File "/home/alu/nornir/.venv/lib/python3.12/site-packages/netmiko/base_connection.py", line 495, in __init__
    self._open()
  File "/home/alu/nornir/.venv/lib/python3.12/site-packages/netmiko/base_connection.py", line 500, in _open
    self.establish_connection()
  File "/home/alu/nornir/.venv/lib/python3.12/site-packages/netmiko/base_connection.py", line 1183, in establish_connection
    raise NetmikoAuthenticationException(msg)
netmiko.exceptions.NetmikoAuthenticationException: Authentication to device failed.

Common causes of this problem are:
1. Invalid username and password
2. Incorrect SSH-key file
3. Connecting to the wrong device

Device settings: aruba_aoscx 10.1.1.62:22

Authentication failed.

2026-08-18 16:56:23,451 - nornir.core.task -    ERROR -      start() - Host 'access1': task 'netmiko_send_command' failed with traceback:
Traceback (most recent call last):
  File "/home/alu/nornir/.venv/lib/python3.12/site-packages/netmiko/base_connection.py", line 1146, in establish_connection
    self.remote_conn_pre.connect(**ssh_connect_params)
  File "/home/alu/nornir/.venv/lib/python3.12/site-packages/paramiko/client.py", line 477, in connect
    self._auth(
  File "/home/alu/nornir/.venv/lib/python3.12/site-packages/paramiko/client.py", line 779, in _auth
    raise saved_exception
  File "/home/alu/nornir/.venv/lib/python3.12/site-packages/paramiko/client.py", line 766, in _auth
    self._transport.auth_password(username, password)
  File "/home/alu/nornir/.venv/lib/python3.12/site-packages/paramiko/transport.py", line 1529, in auth_password
    return self.auth_handler.wait_for_response(my_event)
           ^^^^^^^^^^^^^^^^^^^^^^^^^^^^^^^^^^^^^^^^^^^^^
  File "/home/alu/nornir/.venv/lib/python3.12/site-packages/paramiko/auth_handler.py", line 227, in wait_for_response
    raise e
paramiko.ssh_exception.AuthenticationException: Authentication failed.

During handling of the above exception, another exception occurred:

Traceback (most recent call last):
  File "/home/alu/nornir/.venv/lib/python3.12/site-packages/nornir/core/task.py", line 102, in start
    r = self.task(self, **self.params)
        ^^^^^^^^^^^^^^^^^^^^^^^^^^^^^^
  File "/home/alu/nornir/.venv/lib/python3.12/site-packages/nornir_netmiko/tasks/netmiko_send_command.py", line 26, in netmiko_send_command
    net_connect = task.host.get_connection(CONNECTION_NAME, task.nornir.config)
                  ^^^^^^^^^^^^^^^^^^^^^^^^^^^^^^^^^^^^^^^^^^^^^^^^^^^^^^^^^^^^^
  File "/home/alu/nornir/.venv/lib/python3.12/site-packages/nornir/core/inventory.py", line 474, in get_connection
    self.open_connection(
  File "/home/alu/nornir/.venv/lib/python3.12/site-packages/nornir/core/inventory.py", line 526, in open_connection
    conn_obj.open(
  File "/home/alu/nornir/.venv/lib/python3.12/site-packages/nornir_netmiko/connections/netmiko.py", line 59, in open
    connection = ConnectHandler(**parameters)
                 ^^^^^^^^^^^^^^^^^^^^^^^^^^^^
  File "/home/alu/nornir/.venv/lib/python3.12/site-packages/netmiko/ssh_dispatcher.py", line 460, in ConnectHandler
    return ConnectionClass(*args, **kwargs)
           ^^^^^^^^^^^^^^^^^^^^^^^^^^^^^^^^
  File "/home/alu/nornir/.venv/lib/python3.12/site-packages/netmiko/aruba/aruba_aoscx.py", line 18, in __init__
    return super().__init__(**kwargs)
           ^^^^^^^^^^^^^^^^^^^^^^^^^^
  File "/home/alu/nornir/.venv/lib/python3.12/site-packages/netmiko/base_connection.py", line 495, in __init__
    self._open()
  File "/home/alu/nornir/.venv/lib/python3.12/site-packages/netmiko/base_connection.py", line 500, in _open
    self.establish_connection()
  File "/home/alu/nornir/.venv/lib/python3.12/site-packages/netmiko/base_connection.py", line 1183, in establish_connection
    raise NetmikoAuthenticationException(msg)
netmiko.exceptions.NetmikoAuthenticationException: Authentication to device failed.

Common causes of this problem are:
1. Invalid username and password
2. Incorrect SSH-key file
3. Connecting to the wrong device

Device settings: aruba_aoscx 10.1.1.65:22

Authentication failed.

2026-08-18 16:56:23,599 - nornir.core.task -    ERROR -      start() - Host 'core1': task 'netmiko_send_command' failed with traceback:
Traceback (most recent call last):
  File "/home/alu/nornir/.venv/lib/python3.12/site-packages/netmiko/base_connection.py", line 1146, in establish_connection
    self.remote_conn_pre.connect(**ssh_connect_params)
  File "/home/alu/nornir/.venv/lib/python3.12/site-packages/paramiko/client.py", line 477, in connect
    self._auth(
  File "/home/alu/nornir/.venv/lib/python3.12/site-packages/paramiko/client.py", line 779, in _auth
    raise saved_exception
  File "/home/alu/nornir/.venv/lib/python3.12/site-packages/paramiko/client.py", line 766, in _auth
    self._transport.auth_password(username, password)
  File "/home/alu/nornir/.venv/lib/python3.12/site-packages/paramiko/transport.py", line 1529, in auth_password
    return self.auth_handler.wait_for_response(my_event)
           ^^^^^^^^^^^^^^^^^^^^^^^^^^^^^^^^^^^^^^^^^^^^^
  File "/home/alu/nornir/.venv/lib/python3.12/site-packages/paramiko/auth_handler.py", line 227, in wait_for_response
    raise e
paramiko.ssh_exception.AuthenticationException: Authentication failed.

During handling of the above exception, another exception occurred:

Traceback (most recent call last):
  File "/home/alu/nornir/.venv/lib/python3.12/site-packages/nornir/core/task.py", line 102, in start
    r = self.task(self, **self.params)
        ^^^^^^^^^^^^^^^^^^^^^^^^^^^^^^
  File "/home/alu/nornir/.venv/lib/python3.12/site-packages/nornir_netmiko/tasks/netmiko_send_command.py", line 26, in netmiko_send_command
    net_connect = task.host.get_connection(CONNECTION_NAME, task.nornir.config)
                  ^^^^^^^^^^^^^^^^^^^^^^^^^^^^^^^^^^^^^^^^^^^^^^^^^^^^^^^^^^^^^
  File "/home/alu/nornir/.venv/lib/python3.12/site-packages/nornir/core/inventory.py", line 474, in get_connection
    self.open_connection(
  File "/home/alu/nornir/.venv/lib/python3.12/site-packages/nornir/core/inventory.py", line 526, in open_connection
    conn_obj.open(
  File "/home/alu/nornir/.venv/lib/python3.12/site-packages/nornir_netmiko/connections/netmiko.py", line 59, in open
    connection = ConnectHandler(**parameters)
                 ^^^^^^^^^^^^^^^^^^^^^^^^^^^^
  File "/home/alu/nornir/.venv/lib/python3.12/site-packages/netmiko/ssh_dispatcher.py", line 460, in ConnectHandler
    return ConnectionClass(*args, **kwargs)
           ^^^^^^^^^^^^^^^^^^^^^^^^^^^^^^^^
  File "/home/alu/nornir/.venv/lib/python3.12/site-packages/netmiko/aruba/aruba_aoscx.py", line 18, in __init__
    return super().__init__(**kwargs)
           ^^^^^^^^^^^^^^^^^^^^^^^^^^
  File "/home/alu/nornir/.venv/lib/python3.12/site-packages/netmiko/base_connection.py", line 495, in __init__
    self._open()
  File "/home/alu/nornir/.venv/lib/python3.12/site-packages/netmiko/base_connection.py", line 500, in _open
    self.establish_connection()
  File "/home/alu/nornir/.venv/lib/python3.12/site-packages/netmiko/base_connection.py", line 1183, in establish_connection
    raise NetmikoAuthenticationException(msg)
netmiko.exceptions.NetmikoAuthenticationException: Authentication to device failed.

Common causes of this problem are:
1. Invalid username and password
2. Incorrect SSH-key file
3. Connecting to the wrong device

Device settings: aruba_aoscx 10.1.1.61:22

Authentication failed.

2026-08-18 16:58:04,504 -  nornir.core -     INFO -        run() - Running task 'netmiko_send_command' with args {'command_string': 'show version | include Version|uptime'} on 6 hosts
2026-08-18 17:01:42,252 -  nornir.core -     INFO -        run() - Running task 'netmiko_send_command' with args {'command_string': 'show version | include "^Version"'} on 6 hosts
2026-08-18 17:03:49,721 -  nornir.core -     INFO -        run() - Running task 'netmiko_send_command' with args {'command_string': 'sh ip int br | i up'} on 6 hosts
2026-08-18 17:14:24,432 -  nornir.core -     INFO -        run() - Running task 'run_commands_and_save' with args {} on 6 hosts
2026-08-18 17:15:54,184 -  nornir.core -     INFO -        run() - Running task 'run_commands_and_save' with args {} on 6 hosts
2026-08-18 17:27:06,006 -  nornir.core -     INFO -        run() - Running task 'run_commands_and_save' with args {} on 6 hosts
2026-08-18 18:15:58,658 -  nornir.core -     INFO -        run() - Running task 'run_commands_and_save' with args {} on 6 hosts
2026-08-18 19:15:00,499 -  nornir.core -     INFO -        run() - Running task 'run_commands_and_save' with args {} on 6 hosts
2026-08-18 19:57:48,558 -  nornir.core -     INFO -        run() - Running task 'run_commands_and_save' with args {} on 6 hosts
2026-08-18 20:01:28,993 -  nornir.core -     INFO -        run() - Running task 'netmiko_send_command' with args {'command_string': 'show version | include "^Version"'} on 6 hosts
2026-08-18 20:01:38,073 -  nornir.core -     INFO -        run() - Running task 'run_commands_and_save' with args {} on 6 hosts
2026-08-18 20:38:44,828 -  nornir.core -     INFO -        run() - Running task 'run_commands_and_save' with args {} on 6 hosts
2026-08-18 20:46:27,562 -  nornir.core -     INFO -        run() - Running task 'netmiko_send_command' with args {'command_string': 'show version | include "^Version"'} on 6 hosts
2026-08-18 20:46:37,593 - nornir.core.task -    ERROR -      start() - Host 'dist1': task 'netmiko_send_command' failed with traceback:
Traceback (most recent call last):
  File "/home/alu/nornir/.venv/lib/python3.12/site-packages/netmiko/base_connection.py", line 1146, in establish_connection
    self.remote_conn_pre.connect(**ssh_connect_params)
  File "/home/alu/nornir/.venv/lib/python3.12/site-packages/paramiko/client.py", line 364, in connect
    sock.connect(addr)
TimeoutError: timed out

During handling of the above exception, another exception occurred:

Traceback (most recent call last):
  File "/home/alu/nornir/.venv/lib/python3.12/site-packages/nornir/core/task.py", line 102, in start
    r = self.task(self, **self.params)
        ^^^^^^^^^^^^^^^^^^^^^^^^^^^^^^
  File "/home/alu/nornir/.venv/lib/python3.12/site-packages/nornir_netmiko/tasks/netmiko_send_command.py", line 26, in netmiko_send_command
    net_connect = task.host.get_connection(CONNECTION_NAME, task.nornir.config)
                  ^^^^^^^^^^^^^^^^^^^^^^^^^^^^^^^^^^^^^^^^^^^^^^^^^^^^^^^^^^^^^
  File "/home/alu/nornir/.venv/lib/python3.12/site-packages/nornir/core/inventory.py", line 474, in get_connection
    self.open_connection(
  File "/home/alu/nornir/.venv/lib/python3.12/site-packages/nornir/core/inventory.py", line 526, in open_connection
    conn_obj.open(
  File "/home/alu/nornir/.venv/lib/python3.12/site-packages/nornir_netmiko/connections/netmiko.py", line 59, in open
    connection = ConnectHandler(**parameters)
                 ^^^^^^^^^^^^^^^^^^^^^^^^^^^^
  File "/home/alu/nornir/.venv/lib/python3.12/site-packages/netmiko/ssh_dispatcher.py", line 460, in ConnectHandler
    return ConnectionClass(*args, **kwargs)
           ^^^^^^^^^^^^^^^^^^^^^^^^^^^^^^^^
  File "/home/alu/nornir/.venv/lib/python3.12/site-packages/netmiko/aruba/aruba_aoscx.py", line 18, in __init__
    return super().__init__(**kwargs)
           ^^^^^^^^^^^^^^^^^^^^^^^^^^
  File "/home/alu/nornir/.venv/lib/python3.12/site-packages/netmiko/base_connection.py", line 495, in __init__
    self._open()
  File "/home/alu/nornir/.venv/lib/python3.12/site-packages/netmiko/base_connection.py", line 500, in _open
    self.establish_connection()
  File "/home/alu/nornir/.venv/lib/python3.12/site-packages/netmiko/base_connection.py", line 1168, in establish_connection
    raise NetmikoTimeoutException(msg)
netmiko.exceptions.NetmikoTimeoutException: TCP connection to device failed.

Common causes of this problem are:
1. Incorrect hostname or IP address.
2. Wrong TCP port.
3. Intermediate firewall blocking access.

Device settings: aruba_aoscx 10.1.1.63:22



2026-08-18 20:46:37,595 - nornir.core.task -    ERROR -      start() - Host 'core1': task 'netmiko_send_command' failed with traceback:
Traceback (most recent call last):
  File "/home/alu/nornir/.venv/lib/python3.12/site-packages/netmiko/base_connection.py", line 1146, in establish_connection
    self.remote_conn_pre.connect(**ssh_connect_params)
  File "/home/alu/nornir/.venv/lib/python3.12/site-packages/paramiko/client.py", line 364, in connect
    sock.connect(addr)
TimeoutError: timed out

During handling of the above exception, another exception occurred:

Traceback (most recent call last):
  File "/home/alu/nornir/.venv/lib/python3.12/site-packages/nornir/core/task.py", line 102, in start
    r = self.task(self, **self.params)
        ^^^^^^^^^^^^^^^^^^^^^^^^^^^^^^
  File "/home/alu/nornir/.venv/lib/python3.12/site-packages/nornir_netmiko/tasks/netmiko_send_command.py", line 26, in netmiko_send_command
    net_connect = task.host.get_connection(CONNECTION_NAME, task.nornir.config)
                  ^^^^^^^^^^^^^^^^^^^^^^^^^^^^^^^^^^^^^^^^^^^^^^^^^^^^^^^^^^^^^
  File "/home/alu/nornir/.venv/lib/python3.12/site-packages/nornir/core/inventory.py", line 474, in get_connection
    self.open_connection(
  File "/home/alu/nornir/.venv/lib/python3.12/site-packages/nornir/core/inventory.py", line 526, in open_connection
    conn_obj.open(
  File "/home/alu/nornir/.venv/lib/python3.12/site-packages/nornir_netmiko/connections/netmiko.py", line 59, in open
    connection = ConnectHandler(**parameters)
                 ^^^^^^^^^^^^^^^^^^^^^^^^^^^^
  File "/home/alu/nornir/.venv/lib/python3.12/site-packages/netmiko/ssh_dispatcher.py", line 460, in ConnectHandler
    return ConnectionClass(*args, **kwargs)
           ^^^^^^^^^^^^^^^^^^^^^^^^^^^^^^^^
  File "/home/alu/nornir/.venv/lib/python3.12/site-packages/netmiko/aruba/aruba_aoscx.py", line 18, in __init__
    return super().__init__(**kwargs)
           ^^^^^^^^^^^^^^^^^^^^^^^^^^
  File "/home/alu/nornir/.venv/lib/python3.12/site-packages/netmiko/base_connection.py", line 495, in __init__
    self._open()
  File "/home/alu/nornir/.venv/lib/python3.12/site-packages/netmiko/base_connection.py", line 500, in _open
    self.establish_connection()
  File "/home/alu/nornir/.venv/lib/python3.12/site-packages/netmiko/base_connection.py", line 1168, in establish_connection
    raise NetmikoTimeoutException(msg)
netmiko.exceptions.NetmikoTimeoutException: TCP connection to device failed.

Common causes of this problem are:
1. Incorrect hostname or IP address.
2. Wrong TCP port.
3. Intermediate firewall blocking access.

Device settings: aruba_aoscx 10.1.1.61:22



2026-08-18 20:46:37,598 - nornir.core.task -    ERROR -      start() - Host 'access2': task 'netmiko_send_command' failed with traceback:
Traceback (most recent call last):
  File "/home/alu/nornir/.venv/lib/python3.12/site-packages/netmiko/base_connection.py", line 1146, in establish_connection
    self.remote_conn_pre.connect(**ssh_connect_params)
  File "/home/alu/nornir/.venv/lib/python3.12/site-packages/paramiko/client.py", line 364, in connect
    sock.connect(addr)
TimeoutError: timed out

During handling of the above exception, another exception occurred:

Traceback (most recent call last):
  File "/home/alu/nornir/.venv/lib/python3.12/site-packages/nornir/core/task.py", line 102, in start
    r = self.task(self, **self.params)
        ^^^^^^^^^^^^^^^^^^^^^^^^^^^^^^
  File "/home/alu/nornir/.venv/lib/python3.12/site-packages/nornir_netmiko/tasks/netmiko_send_command.py", line 26, in netmiko_send_command
    net_connect = task.host.get_connection(CONNECTION_NAME, task.nornir.config)
                  ^^^^^^^^^^^^^^^^^^^^^^^^^^^^^^^^^^^^^^^^^^^^^^^^^^^^^^^^^^^^^
  File "/home/alu/nornir/.venv/lib/python3.12/site-packages/nornir/core/inventory.py", line 474, in get_connection
    self.open_connection(
  File "/home/alu/nornir/.venv/lib/python3.12/site-packages/nornir/core/inventory.py", line 526, in open_connection
    conn_obj.open(
  File "/home/alu/nornir/.venv/lib/python3.12/site-packages/nornir_netmiko/connections/netmiko.py", line 59, in open
    connection = ConnectHandler(**parameters)
                 ^^^^^^^^^^^^^^^^^^^^^^^^^^^^
  File "/home/alu/nornir/.venv/lib/python3.12/site-packages/netmiko/ssh_dispatcher.py", line 460, in ConnectHandler
    return ConnectionClass(*args, **kwargs)
           ^^^^^^^^^^^^^^^^^^^^^^^^^^^^^^^^
  File "/home/alu/nornir/.venv/lib/python3.12/site-packages/netmiko/aruba/aruba_aoscx.py", line 18, in __init__
    return super().__init__(**kwargs)
           ^^^^^^^^^^^^^^^^^^^^^^^^^^
  File "/home/alu/nornir/.venv/lib/python3.12/site-packages/netmiko/base_connection.py", line 495, in __init__
    self._open()
  File "/home/alu/nornir/.venv/lib/python3.12/site-packages/netmiko/base_connection.py", line 500, in _open
    self.establish_connection()
  File "/home/alu/nornir/.venv/lib/python3.12/site-packages/netmiko/base_connection.py", line 1168, in establish_connection
    raise NetmikoTimeoutException(msg)
netmiko.exceptions.NetmikoTimeoutException: TCP connection to device failed.

Common causes of this problem are:
1. Incorrect hostname or IP address.
2. Wrong TCP port.
3. Intermediate firewall blocking access.

Device settings: aruba_aoscx 10.1.1.66:22



2026-08-18 20:46:37,600 - nornir.core.task -    ERROR -      start() - Host 'access1': task 'netmiko_send_command' failed with traceback:
Traceback (most recent call last):
  File "/home/alu/nornir/.venv/lib/python3.12/site-packages/netmiko/base_connection.py", line 1146, in establish_connection
    self.remote_conn_pre.connect(**ssh_connect_params)
  File "/home/alu/nornir/.venv/lib/python3.12/site-packages/paramiko/client.py", line 364, in connect
    sock.connect(addr)
TimeoutError: timed out

During handling of the above exception, another exception occurred:

Traceback (most recent call last):
  File "/home/alu/nornir/.venv/lib/python3.12/site-packages/nornir/core/task.py", line 102, in start
    r = self.task(self, **self.params)
        ^^^^^^^^^^^^^^^^^^^^^^^^^^^^^^
  File "/home/alu/nornir/.venv/lib/python3.12/site-packages/nornir_netmiko/tasks/netmiko_send_command.py", line 26, in netmiko_send_command
    net_connect = task.host.get_connection(CONNECTION_NAME, task.nornir.config)
                  ^^^^^^^^^^^^^^^^^^^^^^^^^^^^^^^^^^^^^^^^^^^^^^^^^^^^^^^^^^^^^
  File "/home/alu/nornir/.venv/lib/python3.12/site-packages/nornir/core/inventory.py", line 474, in get_connection
    self.open_connection(
  File "/home/alu/nornir/.venv/lib/python3.12/site-packages/nornir/core/inventory.py", line 526, in open_connection
    conn_obj.open(
  File "/home/alu/nornir/.venv/lib/python3.12/site-packages/nornir_netmiko/connections/netmiko.py", line 59, in open
    connection = ConnectHandler(**parameters)
                 ^^^^^^^^^^^^^^^^^^^^^^^^^^^^
  File "/home/alu/nornir/.venv/lib/python3.12/site-packages/netmiko/ssh_dispatcher.py", line 460, in ConnectHandler
    return ConnectionClass(*args, **kwargs)
           ^^^^^^^^^^^^^^^^^^^^^^^^^^^^^^^^
  File "/home/alu/nornir/.venv/lib/python3.12/site-packages/netmiko/aruba/aruba_aoscx.py", line 18, in __init__
    return super().__init__(**kwargs)
           ^^^^^^^^^^^^^^^^^^^^^^^^^^
  File "/home/alu/nornir/.venv/lib/python3.12/site-packages/netmiko/base_connection.py", line 495, in __init__
    self._open()
  File "/home/alu/nornir/.venv/lib/python3.12/site-packages/netmiko/base_connection.py", line 500, in _open
    self.establish_connection()
  File "/home/alu/nornir/.venv/lib/python3.12/site-packages/netmiko/base_connection.py", line 1168, in establish_connection
    raise NetmikoTimeoutException(msg)
netmiko.exceptions.NetmikoTimeoutException: TCP connection to device failed.

Common causes of this problem are:
1. Incorrect hostname or IP address.
2. Wrong TCP port.
3. Intermediate firewall blocking access.

Device settings: aruba_aoscx 10.1.1.65:22



2026-08-18 20:46:37,601 - nornir.core.task -    ERROR -      start() - Host 'core2': task 'netmiko_send_command' failed with traceback:
Traceback (most recent call last):
  File "/home/alu/nornir/.venv/lib/python3.12/site-packages/netmiko/base_connection.py", line 1146, in establish_connection
    self.remote_conn_pre.connect(**ssh_connect_params)
  File "/home/alu/nornir/.venv/lib/python3.12/site-packages/paramiko/client.py", line 364, in connect
    sock.connect(addr)
TimeoutError: timed out

During handling of the above exception, another exception occurred:

Traceback (most recent call last):
  File "/home/alu/nornir/.venv/lib/python3.12/site-packages/nornir/core/task.py", line 102, in start
    r = self.task(self, **self.params)
        ^^^^^^^^^^^^^^^^^^^^^^^^^^^^^^
  File "/home/alu/nornir/.venv/lib/python3.12/site-packages/nornir_netmiko/tasks/netmiko_send_command.py", line 26, in netmiko_send_command
    net_connect = task.host.get_connection(CONNECTION_NAME, task.nornir.config)
                  ^^^^^^^^^^^^^^^^^^^^^^^^^^^^^^^^^^^^^^^^^^^^^^^^^^^^^^^^^^^^^
  File "/home/alu/nornir/.venv/lib/python3.12/site-packages/nornir/core/inventory.py", line 474, in get_connection
    self.open_connection(
  File "/home/alu/nornir/.venv/lib/python3.12/site-packages/nornir/core/inventory.py", line 526, in open_connection
    conn_obj.open(
  File "/home/alu/nornir/.venv/lib/python3.12/site-packages/nornir_netmiko/connections/netmiko.py", line 59, in open
    connection = ConnectHandler(**parameters)
                 ^^^^^^^^^^^^^^^^^^^^^^^^^^^^
  File "/home/alu/nornir/.venv/lib/python3.12/site-packages/netmiko/ssh_dispatcher.py", line 460, in ConnectHandler
    return ConnectionClass(*args, **kwargs)
           ^^^^^^^^^^^^^^^^^^^^^^^^^^^^^^^^
  File "/home/alu/nornir/.venv/lib/python3.12/site-packages/netmiko/aruba/aruba_aoscx.py", line 18, in __init__
    return super().__init__(**kwargs)
           ^^^^^^^^^^^^^^^^^^^^^^^^^^
  File "/home/alu/nornir/.venv/lib/python3.12/site-packages/netmiko/base_connection.py", line 495, in __init__
    self._open()
  File "/home/alu/nornir/.venv/lib/python3.12/site-packages/netmiko/base_connection.py", line 500, in _open
    self.establish_connection()
  File "/home/alu/nornir/.venv/lib/python3.12/site-packages/netmiko/base_connection.py", line 1168, in establish_connection
    raise NetmikoTimeoutException(msg)
netmiko.exceptions.NetmikoTimeoutException: TCP connection to device failed.

Common causes of this problem are:
1. Incorrect hostname or IP address.
2. Wrong TCP port.
3. Intermediate firewall blocking access.

Device settings: aruba_aoscx 10.1.1.62:22



2026-08-18 20:46:37,602 - nornir.core.task -    ERROR -      start() - Host 'dist2': task 'netmiko_send_command' failed with traceback:
Traceback (most recent call last):
  File "/home/alu/nornir/.venv/lib/python3.12/site-packages/netmiko/base_connection.py", line 1146, in establish_connection
    self.remote_conn_pre.connect(**ssh_connect_params)
  File "/home/alu/nornir/.venv/lib/python3.12/site-packages/paramiko/client.py", line 364, in connect
    sock.connect(addr)
TimeoutError: timed out

During handling of the above exception, another exception occurred:

Traceback (most recent call last):
  File "/home/alu/nornir/.venv/lib/python3.12/site-packages/nornir/core/task.py", line 102, in start
    r = self.task(self, **self.params)
        ^^^^^^^^^^^^^^^^^^^^^^^^^^^^^^
  File "/home/alu/nornir/.venv/lib/python3.12/site-packages/nornir_netmiko/tasks/netmiko_send_command.py", line 26, in netmiko_send_command
    net_connect = task.host.get_connection(CONNECTION_NAME, task.nornir.config)
                  ^^^^^^^^^^^^^^^^^^^^^^^^^^^^^^^^^^^^^^^^^^^^^^^^^^^^^^^^^^^^^
  File "/home/alu/nornir/.venv/lib/python3.12/site-packages/nornir/core/inventory.py", line 474, in get_connection
    self.open_connection(
  File "/home/alu/nornir/.venv/lib/python3.12/site-packages/nornir/core/inventory.py", line 526, in open_connection
    conn_obj.open(
  File "/home/alu/nornir/.venv/lib/python3.12/site-packages/nornir_netmiko/connections/netmiko.py", line 59, in open
    connection = ConnectHandler(**parameters)
                 ^^^^^^^^^^^^^^^^^^^^^^^^^^^^
  File "/home/alu/nornir/.venv/lib/python3.12/site-packages/netmiko/ssh_dispatcher.py", line 460, in ConnectHandler
    return ConnectionClass(*args, **kwargs)
           ^^^^^^^^^^^^^^^^^^^^^^^^^^^^^^^^
  File "/home/alu/nornir/.venv/lib/python3.12/site-packages/netmiko/aruba/aruba_aoscx.py", line 18, in __init__
    return super().__init__(**kwargs)
           ^^^^^^^^^^^^^^^^^^^^^^^^^^
  File "/home/alu/nornir/.venv/lib/python3.12/site-packages/netmiko/base_connection.py", line 495, in __init__
    self._open()
  File "/home/alu/nornir/.venv/lib/python3.12/site-packages/netmiko/base_connection.py", line 500, in _open
    self.establish_connection()
  File "/home/alu/nornir/.venv/lib/python3.12/site-packages/netmiko/base_connection.py", line 1168, in establish_connection
    raise NetmikoTimeoutException(msg)
netmiko.exceptions.NetmikoTimeoutException: TCP connection to device failed.

Common causes of this problem are:
1. Incorrect hostname or IP address.
2. Wrong TCP port.
3. Intermediate firewall blocking access.

Device settings: aruba_aoscx 10.1.1.64:22



2026-08-18 20:47:11,293 -  nornir.core -     INFO -        run() - Running task 'netmiko_send_command' with args {'command_string': 'show version | include "^Version"'} on 6 hosts
2026-08-19 13:58:38,225 -  nornir.core -     INFO -        run() - Running task 'netmiko_send_command' with args {'command_string': 'show version | include "^Version"'} on 6 hosts
2026-08-19 14:02:21,955 -  nornir.core -     INFO -        run() - Running task 'netmiko_send_command' with args {'command_string': 'show version | include "^Version"'} on 6 hosts
2026-08-19 14:02:24,486 -  nornir.core -     INFO -        run() - Running task 'close_connections_task' with args {} on 6 hosts
2026-08-19 14:06:12,619 -  nornir.core -     INFO -        run() - Running task 'netmiko_send_command' with args {'command_string': 'show version | include "^Version"'} on 6 hosts
2026-08-19 14:06:14,731 -  nornir.core -     INFO -        run() - Running task 'close_connections_task' with args {} on 6 hosts
2026-08-19 14:09:32,854 -  nornir.core -     INFO -        run() - Running task 'netmiko_send_command' with args {'command_string': 'show version'} on 6 hosts
2026-08-19 14:09:35,148 -  nornir.core -     INFO -        run() - Running task 'close_connections_task' with args {} on 6 hosts
2026-08-19 14:09:51,908 -  nornir.core -     INFO -        run() - Running task 'netmiko_send_command' with args {'command_string': 'show version'} on 6 hosts
2026-08-19 14:09:53,950 -  nornir.core -     INFO -        run() - Running task 'close_connections_task' with args {} on 6 hosts
2026-08-19 14:15:17,439 -  nornir.core -     INFO -        run() - Running task 'netmiko_send_command' with args {'command_string': 'sh ip int br | i up'} on 6 hosts
2026-08-19 14:15:19,847 -  nornir.core -     INFO -        run() - Running task 'close_connections_task' with args {} on 6 hosts
2026-08-19 14:16:02,669 -  nornir.core -     INFO -        run() - Running task 'netmiko_send_command' with args {'command_string': 'show ip interface brief'} on 6 hosts
2026-08-19 14:16:05,063 -  nornir.core -     INFO -        run() - Running task 'close_connections_task' with args {} on 6 hosts
2026-08-19 14:17:07,995 -  nornir.core -     INFO -        run() - Running task 'netmiko_send_command' with args {'command_string': 'show ip interface brief'} on 6 hosts
2026-08-19 14:17:10,277 -  nornir.core -     INFO -        run() - Running task 'close_connections_task' with args {} on 6 hosts
2026-08-19 14:17:47,365 -  nornir.core -     INFO -        run() - Running task 'run_commands_and_save' with args {} on 6 hosts
2026-08-19 14:17:49,726 -  nornir.core -     INFO -        run() - Running task 'close_connections_task' with args {} on 6 hosts
2026-08-19 14:58:33,058 -  nornir.core -     INFO -        run() - Running task 'run_commands_and_save' with args {} on 6 hosts
2026-08-19 14:58:35,661 -  nornir.core -     INFO -        run() - Running task 'close_connections_task' with args {} on 6 hosts
2026-08-19 15:06:06,104 -  nornir.core -     INFO -        run() - Running task 'netmiko_send_command' with args {'command_string': 'show lldp neighbor-info'} on 4 hosts
2026-08-19 15:06:08,266 -  nornir.core -     INFO -        run() - Running task 'netmiko_send_command' with args {'command_string': 'show ip interface brief'} on 4 hosts
2026-08-19 15:06:08,503 -  nornir.core -     INFO -        run() - Running task 'netmiko_send_command' with args {'command_string': 'show running-config interface'} on 4 hosts
2026-08-19 15:06:08,649 -  nornir.core -     INFO -        run() - Running task 'netmiko_send_command' with args {'command_string': 'show ip ospf neighbors'} on 4 hosts
2026-08-19 15:06:08,743 -  nornir.core -     INFO -        run() - Running task 'netmiko_send_command' with args {'command_string': 'show version'} on 4 hosts
2026-08-19 15:06:08,837 -  nornir.core -     INFO -        run() - Running task 'close_connections_task' with args {} on 4 hosts
2026-08-19 15:06:44,122 -  nornir.core -     INFO -        run() - Running task 'netmiko_send_command' with args {'command_string': 'show interface brief'} on 4 hosts
2026-08-19 15:06:46,250 -  nornir.core -     INFO -        run() - Running task 'netmiko_send_command' with args {'command_string': 'show lacp interfaces'} on 4 hosts
2026-08-19 15:06:46,391 -  nornir.core -     INFO -        run() - Running task 'netmiko_send_command' with args {'command_string': 'show system inventory'} on 4 hosts
2026-08-19 15:06:46,475 -  nornir.core -     INFO -        run() - Running task 'close_connections_task' with args {} on 4 hosts
2026-08-19 16:10:04,465 -  nornir.core -     INFO -        run() - Running task 'netmiko_send_command' with args {'command_string': 'show version'} on 6 hosts
2026-08-19 16:10:06,757 -  nornir.core -     INFO -        run() - Running task 'close_connections_task' with args {} on 6 hosts
2026-08-19 16:10:14,800 -  nornir.core -     INFO -        run() - Running task 'netmiko_send_command' with args {'command_string': 'show ip interface brief'} on 6 hosts
2026-08-19 16:10:16,903 -  nornir.core -     INFO -        run() - Running task 'close_connections_task' with args {} on 6 hosts
2026-08-19 16:11:39,934 -  nornir.core -     INFO -        run() - Running task 'netmiko_send_command' with args {'command_string': 'show ip interface brief | i up'} on 6 hosts
2026-08-19 16:11:42,313 -  nornir.core -     INFO -        run() - Running task 'close_connections_task' with args {} on 6 hosts
2026-08-19 16:14:00,998 -  nornir.core -     INFO -        run() - Running task 'netmiko_send_command' with args {'command_string': 'show ip interface brief | i up'} on 6 hosts
2026-08-19 16:14:03,653 -  nornir.core -     INFO -        run() - Running task 'close_connections_task' with args {} on 6 hosts
2026-08-19 16:14:43,499 -  nornir.core -     INFO -        run() - Running task 'netmiko_send_command' with args {'command_string': 'show ip interface brief | i up'} on 6 hosts
2026-08-19 16:14:45,948 -  nornir.core -     INFO -        run() - Running task 'close_connections_task' with args {} on 6 hosts
2026-08-19 16:16:15,990 -  nornir.core -     INFO -        run() - Running task 'run_commands_and_save' with args {} on 6 hosts
2026-08-19 16:52:52,899 -  nornir.core -     INFO -        run() - Running task 'run_commands_and_save' with args {} on 6 hosts
2026-08-19 16:53:07,680 -  nornir.core -     INFO -        run() - Running task 'netmiko_send_command' with args {'command_string': 'show ip interface brief | i up'} on 6 hosts
2026-08-19 16:53:10,039 -  nornir.core -     INFO -        run() - Running task 'close_connections_task' with args {} on 6 hosts
2026-08-19 16:53:22,850 -  nornir.core -     INFO -        run() - Running task 'run_commands_and_save' with args {} on 6 hosts
2026-08-19 16:53:25,461 -  nornir.core -     INFO -        run() - Running task 'close_connections_task' with args {} on 6 hosts
2026-08-19 17:18:55,121 -  nornir.core -     INFO -        run() - Running task 'run_commands_and_save' with args {'commands': ['sh ver']} on 6 hosts
2026-08-19 17:18:57,576 -  nornir.core -     INFO -        run() - Running task 'close_connections_task' with args {} on 6 hosts
2026-08-19 17:22:06,665 -  nornir.core -     INFO -        run() - Running task 'run_commands_and_save' with args {'commands': ['sh ip int br | i up', 'sh ip route', 'sh ip ospf', 'sh ip ospf nei']} on 6 hosts
2026-08-19 17:22:09,752 -  nornir.core -     INFO -        run() - Running task 'close_connections_task' with args {} on 6 hosts
2026-08-19 17:30:50,697 -  nornir.core -     INFO -        run() - Running task 'run_commands_and_save' with args {'commands': ['sh ver'], 'filename_suffix': None} on 6 hosts
2026-08-19 17:30:52,903 -  nornir.core -     INFO -        run() - Running task 'close_connections_task' with args {} on 6 hosts
2026-08-19 17:31:20,723 -  nornir.core -     INFO -        run() - Running task 'run_commands_and_save' with args {'commands': ['sh ip int br | i up', 'sh ip route', 'sh ip ospf', 'sh ip ospf nei'], 'filename_suffix': 'ospf'} on 6 hosts
2026-08-19 17:31:23,462 -  nornir.core -     INFO -        run() - Running task 'close_connections_task' with args {} on 6 hosts
2026-08-19 17:32:51,951 -  nornir.core -     INFO -        run() - Running task 'run_commands_and_save' with args {'commands': ['sh ip int br | i up', 'sh ip route', 'sh ip ospf', 'sh ip ospf nei'], 'filename_suffix': 'ospf'} on 6 hosts
2026-08-19 17:32:54,872 -  nornir.core -     INFO -        run() - Running task 'close_connections_task' with args {} on 6 hosts
2026-08-19 17:33:50,402 -  nornir.core -     INFO -        run() - Running task 'run_commands_and_save' with args {'commands': ['sh ip int br | i up', 'sh ip route', 'sh ip ospf', 'sh ip ospf nei'], 'filename_suffix': 'ospf'} on 6 hosts
2026-08-19 17:33:53,272 -  nornir.core -     INFO -        run() - Running task 'close_connections_task' with args {} on 6 hosts
2026-08-19 17:55:02,877 -  nornir.core -     INFO -        run() - Running task 'run_commands_and_save' with args {} on 6 hosts
2026-08-19 17:55:05,483 -  nornir.core -     INFO -        run() - Running task 'close_connections_task' with args {} on 6 hosts
2026-08-27 13:26:59,943 -  nornir.core -     INFO -        run() - Running task 'run_commands_and_save' with args {} on 6 hosts
2026-08-27 13:27:03,760 -  nornir.core -     INFO -        run() - Running task 'close_connections_task' with args {} on 6 hosts
2026-08-27 13:38:41,035 -  nornir.core -     INFO -        run() - Running task 'run_commands_and_save' with args {'output_directory': PosixPath('/home/alu/nornirstuff/aos-3-tier/outputs')} on 6 hosts
2026-08-27 13:38:43,490 -  nornir.core -     INFO -        run() - Running task 'close_connections_task' with args {} on 6 hosts
2026-08-27 13:41:35,091 -  nornir.core -     INFO -        run() - Running task 'netmiko_send_command' with args {'command_string': 'show ip interface brief | i up'} on 6 hosts
2026-08-27 13:41:37,538 -  nornir.core -     INFO -        run() - Running task 'close_connections_task' with args {} on 6 hosts
2026-08-27 14:04:38,212 -  nornir.core -     INFO -        run() - Running task 'run_icmp_tests' with args {'targets': ['10.255.0.2'], 'count': 5, 'timeout': 2, 'max_loss': 0.0, 'source': None, 'vrf': None} on 1 hosts
2026-08-27 14:04:44,259 -  nornir.core -     INFO -        run() - Running task 'close_connections_task' with args {} on 6 hosts
2026-08-27 14:06:01,335 -  nornir.core -     INFO -        run() - Running task 'run_icmp_tests' with args {'targets': ['10.255.0.2'], 'count': 5, 'timeout': 2, 'max_loss': 0.0, 'source': None, 'vrf': None} on 1 hosts
2026-08-27 14:06:07,199 -  nornir.core -     INFO -        run() - Running task 'close_connections_task' with args {} on 6 hosts
2026-08-27 14:09:05,777 -  nornir.core -     INFO -        run() - Running task 'run_commands_and_save' with args {'output_directory': PosixPath('/home/alu/nornirstuff/aos-3-tier/outputs')} on 6 hosts
2026-08-27 14:09:08,241 -  nornir.core -     INFO -        run() - Running task 'close_connections_task' with args {} on 6 hosts
2026-08-27 14:16:02,231 -  nornir.core -     INFO -        run() - Running task 'run_icmp_tests' with args {'targets': ['10.255.0.1'], 'count': 5, 'timeout': 2, 'max_loss': 0.0, 'source': None, 'vrf': None} on 1 hosts
2026-08-27 14:16:08,380 -  nornir.core -     INFO -        run() - Running task 'close_connections_task' with args {} on 6 hosts
2026-08-27 14:16:33,443 -  nornir.core -     INFO -        run() - Running task 'run_icmp_tests' with args {'targets': ['10.255.0.2', '10.255.0.3'], 'count': 5, 'timeout': 2, 'max_loss': 0.0, 'source': None, 'vrf': None} on 2 hosts
2026-08-27 14:16:43,743 -  nornir.core -     INFO -        run() - Running task 'close_connections_task' with args {} on 6 hosts
2026-08-27 14:17:08,722 -  nornir.core -     INFO -        run() - Running task 'run_icmp_tests' with args {'targets': ['10.255.0.2', '10.255.0.3'], 'count': 5, 'timeout': 2, 'max_loss': 0.0, 'source': None, 'vrf': None} on 2 hosts
2026-08-27 14:17:18,835 -  nornir.core -     INFO -        run() - Running task 'close_connections_task' with args {} on 6 hosts
2026-08-27 14:30:55,030 -  nornir.core -     INFO -        run() - Running task 'run_icmp_tests' with args {'targets': ['10.255.0.2', '10.255.0.3'], 'count': 5, 'timeout': 2, 'max_loss': 0.0, 'sources_by_host': {'core1': ['1/1/1'], 'core2': [None]}, 'vrf': None} on 2 hosts
2026-08-27 14:31:05,334 -  nornir.core -     INFO -        run() - Running task 'close_connections_task' with args {} on 6 hosts
2026-08-27 14:31:32,374 -  nornir.core -     INFO -        run() - Running task 'run_icmp_tests' with args {'targets': ['10.255.0.2', '10.255.0.3'], 'count': 5, 'timeout': 2, 'max_loss': 0.0, 'sources_by_host': {'core1': ['1/1/1', '1/1/2'], 'core2': [None]}, 'vrf': None} on 2 hosts
2026-08-27 14:31:50,796 -  nornir.core -     INFO -        run() - Running task 'close_connections_task' with args {} on 6 hosts
2026-08-27 14:35:43,176 -  nornir.core -     INFO -        run() - Running task 'run_icmp_tests' with args {'targets': ['10.255.0.2', '10.255.0.3', '3.3.3.3'], 'count': 5, 'timeout': 2, 'max_loss': 0.0, 'sources_by_host': {'core1': ['1/1/1', '1/1/2'], 'core2': [None]}, 'vrf': None} on 2 hosts
2026-08-27 14:36:13,964 -  nornir.core -     INFO -        run() - Running task 'close_connections_task' with args {} on 6 hosts
2026-08-27 14:37:09,394 -  nornir.core -     INFO -        run() - Running task 'run_icmp_tests' with args {'targets': ['10.255.0.2', '10.255.0.3', '3.3.3.3'], 'count': 5, 'timeout': 2, 'max_loss': 0.0, 'sources_by_host': {'core1': ['1/1/1', '1/1/2'], 'core2': [None]}, 'vrf': None} on 2 hosts
2026-08-27 14:37:40,251 -  nornir.core -     INFO -        run() - Running task 'close_connections_task' with args {} on 6 hosts
2026-08-27 14:39:34,941 -  nornir.core -     INFO -        run() - Running task 'run_icmp_tests' with args {'targets': ['10.255.0.2', '10.255.0.3', '3.3.3.3'], 'count': 5, 'timeout': 2, 'max_loss': 0.0, 'sources_by_host': {'core1': ['1/1/1', '1/1/2'], 'core2': [None]}, 'vrf': None} on 1 hosts
2026-08-27 14:40:05,572 -  nornir.core -     INFO -        run() - Running task 'run_icmp_tests' with args {'targets': ['10.255.0.2', '10.255.0.3', '3.3.3.3'], 'count': 5, 'timeout': 2, 'max_loss': 0.0, 'sources_by_host': {'core1': ['1/1/1', '1/1/2'], 'core2': [None]}, 'vrf': None} on 1 hosts
2026-08-27 14:40:15,860 -  nornir.core -     INFO -        run() - Running task 'close_connections_task' with args {} on 6 hosts
2026-08-27 14:40:50,220 -  nornir.core -     INFO -        run() - Running task 'run_icmp_tests' with args {'targets': ['10.255.0.2', '10.255.0.3', '3.3.3.3'], 'count': 5, 'timeout': 2, 'max_loss': 0.0, 'sources_by_host': {'core1': ['1/1/1', '1/1/2'], 'core2': [None]}, 'vrf': None} on 1 hosts
2026-08-27 14:41:20,895 -  nornir.core -     INFO -        run() - Running task 'run_icmp_tests' with args {'targets': ['10.255.0.2', '10.255.0.3', '3.3.3.3'], 'count': 5, 'timeout': 2, 'max_loss': 0.0, 'sources_by_host': {'core1': ['1/1/1', '1/1/2'], 'core2': [None]}, 'vrf': None} on 1 hosts
2026-08-27 14:41:31,166 -  nornir.core -     INFO -        run() - Running task 'close_connections_task' with args {} on 6 hosts
2026-08-27 14:43:28,485 -  nornir.core -     INFO -        run() - Running task 'run_icmp_tests' with args {'targets': ['10.255.0.2', '10.255.0.3', '3.3.3.3'], 'count': 5, 'timeout': 2, 'max_loss': 0.0, 'sources_by_host': {'core1': ['1/1/1', '1/1/2'], 'core2': [None]}, 'vrf': None} on 1 hosts
2026-08-27 14:43:59,366 -  nornir.core -     INFO -        run() - Running task 'run_icmp_tests' with args {'targets': ['10.255.0.2', '10.255.0.3', '3.3.3.3'], 'count': 5, 'timeout': 2, 'max_loss': 0.0, 'sources_by_host': {'core1': ['1/1/1', '1/1/2'], 'core2': [None]}, 'vrf': None} on 1 hosts
2026-08-27 14:44:09,609 -  nornir.core -     INFO -        run() - Running task 'close_connections_task' with args {} on 6 hosts
2026-08-28 11:29:08,073 -  nornir.core -     INFO -        run() - Running task 'run_commands_and_save' with args {'output_directory': PosixPath('/home/alu/nornirstuff/aos-3-tier/outputs')} on 6 hosts
2026-08-28 11:29:12,247 -  nornir.core -     INFO -        run() - Running task 'close_connections_task' with args {} on 6 hosts
2026-08-28 11:33:27,774 -  nornir.core -     INFO -        run() - Running task 'netmiko_send_command' with args {'command_string': 'show ip interface brief | i up'} on 6 hosts
2026-08-28 11:33:30,699 -  nornir.core -     INFO -        run() - Running task 'close_connections_task' with args {} on 6 hosts
2026-08-31 11:04:29,947 -  nornir.core -     INFO -        run() - Running task 'netmiko_send_command' with args {'command_string': 'show version'} on 6 hosts
2026-08-31 11:04:32,939 -  nornir.core -     INFO -        run() - Running task 'close_connections_task' with args {} on 6 hosts
2026-08-31 11:04:53,425 -  nornir.core -     INFO -        run() - Running task 'netmiko_send_command' with args {'command_string': 'show ip interface brief | i up'} on 6 hosts
2026-08-31 11:04:55,768 -  nornir.core -     INFO -        run() - Running task 'close_connections_task' with args {} on 6 hosts
2026-08-31 11:07:36,147 -  nornir.core -     INFO -        run() - Running task 'run_commands_and_save' with args {'output_directory': PosixPath('/home/alu/nornirstuff/aos-3-tier/outputs')} on 6 hosts
2026-08-31 11:07:38,504 -  nornir.core -     INFO -        run() - Running task 'close_connections_task' with args {} on 6 hosts
2026-08-31 11:11:02,612 -  nornir.core -     INFO -        run() - Running task 'run_icmp_tests' with args {'targets': ['10.255.0.1', '10.255.0.2', '10.255.0.3', '3.3.3.3'], 'count': 5, 'timeout': 2, 'max_loss': 0.0, 'sources_by_host': {'core1': [None], 'core2': [None], 'dist1': [None], 'dist2': [None]}, 'vrf': None} on 1 hosts
2026-08-31 11:11:17,084 -  nornir.core -     INFO -        run() - Running task 'run_icmp_tests' with args {'targets': ['10.255.0.1', '10.255.0.2', '10.255.0.3', '3.3.3.3'], 'count': 5, 'timeout': 2, 'max_loss': 0.0, 'sources_by_host': {'core1': [None], 'core2': [None], 'dist1': [None], 'dist2': [None]}, 'vrf': None} on 1 hosts
2026-08-31 11:11:31,713 -  nornir.core -     INFO -        run() - Running task 'run_icmp_tests' with args {'targets': ['10.255.0.1', '10.255.0.2', '10.255.0.3', '3.3.3.3'], 'count': 5, 'timeout': 2, 'max_loss': 0.0, 'sources_by_host': {'core1': [None], 'core2': [None], 'dist1': [None], 'dist2': [None]}, 'vrf': None} on 1 hosts
2026-08-31 11:11:46,045 -  nornir.core -     INFO -        run() - Running task 'run_icmp_tests' with args {'targets': ['10.255.0.1', '10.255.0.2', '10.255.0.3', '3.3.3.3'], 'count': 5, 'timeout': 2, 'max_loss': 0.0, 'sources_by_host': {'core1': [None], 'core2': [None], 'dist1': [None], 'dist2': [None]}, 'vrf': None} on 1 hosts
2026-08-31 11:12:00,323 -  nornir.core -     INFO -        run() - Running task 'close_connections_task' with args {} on 6 hosts
2026-08-31 11:17:36,125 -  nornir.core -     INFO -        run() - Running task 'run_icmp_tests' with args {'targets': ['10.255.0.1', '10.255.0.2', '10.255.0.3', '3.3.3.3'], 'count': 5, 'timeout': 2, 'max_loss': 0.0, 'sources_by_host': {'core1': [None], 'core2': [None], 'dist1': [None], 'dist2': [None]}, 'vrf': None} on 1 hosts
2026-08-31 11:17:50,635 -  nornir.core -     INFO -        run() - Running task 'run_icmp_tests' with args {'targets': ['10.255.0.1', '10.255.0.2', '10.255.0.3', '3.3.3.3'], 'count': 5, 'timeout': 2, 'max_loss': 0.0, 'sources_by_host': {'core1': [None], 'core2': [None], 'dist1': [None], 'dist2': [None]}, 'vrf': None} on 1 hosts
2026-08-31 11:18:05,031 -  nornir.core -     INFO -        run() - Running task 'run_icmp_tests' with args {'targets': ['10.255.0.1', '10.255.0.2', '10.255.0.3', '3.3.3.3'], 'count': 5, 'timeout': 2, 'max_loss': 0.0, 'sources_by_host': {'core1': [None], 'core2': [None], 'dist1': [None], 'dist2': [None]}, 'vrf': None} on 1 hosts
2026-08-31 11:18:19,930 -  nornir.core -     INFO -        run() - Running task 'run_icmp_tests' with args {'targets': ['10.255.0.1', '10.255.0.2', '10.255.0.3', '3.3.3.3'], 'count': 5, 'timeout': 2, 'max_loss': 0.0, 'sources_by_host': {'core1': [None], 'core2': [None], 'dist1': [None], 'dist2': [None]}, 'vrf': None} on 1 hosts
2026-08-31 11:18:34,641 -  nornir.core -     INFO -        run() - Running task 'close_connections_task' with args {} on 6 hosts
2026-08-31 11:20:54,586 -  nornir.core -     INFO -        run() - Running task 'run_icmp_tests' with args {'targets': ['10.255.0.1', '10.255.0.2', '10.255.0.3', '3.3.3.3'], 'count': 5, 'timeout': 2, 'max_loss': 0.0, 'sources_by_host': {'core1': [None], 'core2': [None], 'dist1': [None], 'dist2': [None]}, 'vrf': None} on 1 hosts
2026-08-31 11:21:09,111 -  nornir.core -     INFO -        run() - Running task 'run_icmp_tests' with args {'targets': ['10.255.0.1', '10.255.0.2', '10.255.0.3', '3.3.3.3'], 'count': 5, 'timeout': 2, 'max_loss': 0.0, 'sources_by_host': {'core1': [None], 'core2': [None], 'dist1': [None], 'dist2': [None]}, 'vrf': None} on 1 hosts
2026-08-31 11:21:23,624 -  nornir.core -     INFO -        run() - Running task 'run_icmp_tests' with args {'targets': ['10.255.0.1', '10.255.0.2', '10.255.0.3', '3.3.3.3'], 'count': 5, 'timeout': 2, 'max_loss': 0.0, 'sources_by_host': {'core1': [None], 'core2': [None], 'dist1': [None], 'dist2': [None]}, 'vrf': None} on 1 hosts
2026-08-31 11:21:38,044 -  nornir.core -     INFO -        run() - Running task 'run_icmp_tests' with args {'targets': ['10.255.0.1', '10.255.0.2', '10.255.0.3', '3.3.3.3'], 'count': 5, 'timeout': 2, 'max_loss': 0.0, 'sources_by_host': {'core1': [None], 'core2': [None], 'dist1': [None], 'dist2': [None]}, 'vrf': None} on 1 hosts
2026-08-31 11:21:52,358 -  nornir.core -     INFO -        run() - Running task 'close_connections_task' with args {} on 6 hosts
2026-08-31 11:25:23,804 -  nornir.core -     INFO -        run() - Running task 'run_commands_and_save' with args {'output_directory': PosixPath('/home/alu/nornirstuff/aos-3-tier/outputs')} on 6 hosts
2026-08-31 11:25:26,602 -  nornir.core -     INFO -        run() - Running task 'close_connections_task' with args {} on 6 hosts
2026-08-31 11:25:55,215 -  nornir.core -     INFO -        run() - Running task 'run_commands_and_save' with args {'commands': ['sh vlan'], 'output_directory': PosixPath('/home/alu/nornirstuff/aos-3-tier/outputs'), 'filename_suffix': None} on 6 hosts
2026-08-31 11:25:57,483 -  nornir.core -     INFO -        run() - Running task 'close_connections_task' with args {} on 6 hosts
2026-08-31 11:26:17,926 -  nornir.core -     INFO -        run() - Running task 'run_commands_and_save' with args {'commands': ['sh vlan'], 'output_directory': PosixPath('/home/alu/nornirstuff/aos-3-tier/outputs'), 'filename_suffix': 'vlan'} on 6 hosts
2026-08-31 11:26:19,974 -  nornir.core -     INFO -        run() - Running task 'close_connections_task' with args {} on 6 hosts
2026-08-31 11:32:40,172 -  nornir.core -     INFO -        run() - Running task 'run_commands_and_save' with args {'output_directory': PosixPath('/home/alu/nornirstuff/aos-3-tier/outputs')} on 6 hosts
2026-08-31 11:32:42,605 -  nornir.core -     INFO -        run() - Running task 'close_connections_task' with args {} on 6 hosts
2026-08-31 11:32:43,185 -  nornir.core -     INFO -        run() - Running task 'run_commands_and_save' with args {'commands': ['sh vlan'], 'output_directory': PosixPath('/home/alu/nornirstuff/aos-3-tier/outputs'), 'filename_suffix': 'vlan-pre'} on 6 hosts
2026-08-31 11:32:45,248 -  nornir.core -     INFO -        run() - Running task 'close_connections_task' with args {} on 6 hosts
2026-08-31 11:35:19,062 -  nornir.core -     INFO -        run() - Running task 'netmiko_send_config' with args {'config_commands': ['vlan 2', 'name VLAN2', 'exit', 'vlan 3', 'name VLAN3', 'exit', 'vlan 4', 'name VLAN4', 'exit', 'vlan 5', 'name VLAN5', 'exit', 'vlan 6', 'name VLAN6', 'exit', 'vlan 7', 'name VLAN7', 'exit', 'vlan 8', 'name VLAN8', 'exit', 'vlan 9', 'name VLAN9', 'exit', 'vlan 10', 'name VLAN10', 'exit']} on 2 hosts
2026-08-31 11:35:46,163 -  nornir.core -     INFO -        run() - Running task 'run_commands_and_save' with args {'commands': ['sh vlan'], 'output_directory': PosixPath('/home/alu/nornirstuff/aos-3-tier/outputs'), 'filename_suffix': 'vlan-post'} on 6 hosts
2026-08-31 11:35:48,359 -  nornir.core -     INFO -        run() - Running task 'close_connections_task' with args {} on 6 hosts
2026-08-31 11:35:48,884 -  nornir.core -     INFO -        run() - Running task 'run_commands_and_save' with args {'output_directory': PosixPath('/home/alu/nornirstuff/aos-3-tier/outputs')} on 6 hosts
2026-08-31 11:35:50,985 -  nornir.core -     INFO -        run() - Running task 'close_connections_task' with args {} on 6 hosts
2026-08-31 11:36:31,139 -  nornir.core -     INFO -        run() - Running task 'netmiko_send_command' with args {'command_string': 'write memory', 'read_timeout': 60} on 2 hosts
2026-08-31 11:39:05,591 -  nornir.core -     INFO -        run() - Running task 'run_commands_and_save' with args {'commands': ['sh vlan'], 'output_directory': PosixPath('/home/alu/nornirstuff/aos-3-tier/outputs'), 'filename_suffix': 'vlan'} on 6 hosts
2026-08-31 11:39:08,081 -  nornir.core -     INFO -        run() - Running task 'close_connections_task' with args {} on 6 hosts
2026-08-31 11:42:13,023 -  nornir.core -     INFO -        run() - Running task 'run_commands_and_save' with args {'output_directory': PosixPath('/home/alu/nornirstuff/aos-3-tier/outputs')} on 6 hosts
2026-08-31 11:42:15,423 -  nornir.core -     INFO -        run() - Running task 'close_connections_task' with args {} on 6 hosts
2026-08-31 11:42:48,594 -  nornir.core -     INFO -        run() - Running task 'netmiko_send_command' with args {'command_string': 'show lldp neighbor-info', 'read_timeout': 30} on 1 hosts
2026-08-31 11:42:50,618 -  nornir.core -     INFO -        run() - Running task 'netmiko_send_command' with args {'command_string': 'show lacp aggregates', 'read_timeout': 30} on 1 hosts
2026-08-31 11:42:50,713 -  nornir.core -     INFO -        run() - Running task 'netmiko_send_command' with args {'command_string': 'show vsx status', 'read_timeout': 30} on 1 hosts
2026-08-31 11:42:50,796 -  nornir.core -     INFO -        run() - Running task 'netmiko_send_command' with args {'command_string': 'show interface brief', 'read_timeout': 30} on 1 hosts
2026-08-31 11:42:50,879 -  nornir.core -     INFO -        run() - Running task 'netmiko_send_command' with args {'command_string': 'show lldp neighbor-info', 'read_timeout': 30} on 1 hosts
2026-08-31 11:42:52,753 -  nornir.core -     INFO -        run() - Running task 'netmiko_send_command' with args {'command_string': 'show lacp aggregates', 'read_timeout': 30} on 1 hosts
2026-08-31 11:42:52,837 -  nornir.core -     INFO -        run() - Running task 'netmiko_send_command' with args {'command_string': 'show vsx status', 'read_timeout': 30} on 1 hosts
2026-08-31 11:42:52,921 -  nornir.core -     INFO -        run() - Running task 'netmiko_send_command' with args {'command_string': 'show interface brief', 'read_timeout': 30} on 1 hosts
2026-08-31 11:42:53,006 -  nornir.core -     INFO -        run() - Running task 'netmiko_send_command' with args {'command_string': 'show lldp neighbor-info', 'read_timeout': 30} on 1 hosts
2026-08-31 11:42:54,921 -  nornir.core -     INFO -        run() - Running task 'netmiko_send_command' with args {'command_string': 'show lacp aggregates', 'read_timeout': 30} on 1 hosts
2026-08-31 11:42:55,004 -  nornir.core -     INFO -        run() - Running task 'netmiko_send_command' with args {'command_string': 'show vsx status', 'read_timeout': 30} on 1 hosts
2026-08-31 11:42:55,086 -  nornir.core -     INFO -        run() - Running task 'netmiko_send_command' with args {'command_string': 'show interface brief', 'read_timeout': 30} on 1 hosts
2026-08-31 11:42:55,169 -  nornir.core -     INFO -        run() - Running task 'netmiko_send_command' with args {'command_string': 'show lldp neighbor-info', 'read_timeout': 30} on 1 hosts
2026-08-31 11:42:57,031 -  nornir.core -     INFO -        run() - Running task 'netmiko_send_command' with args {'command_string': 'show lacp aggregates', 'read_timeout': 30} on 1 hosts
2026-08-31 11:42:57,114 -  nornir.core -     INFO -        run() - Running task 'netmiko_send_command' with args {'command_string': 'show vsx status', 'read_timeout': 30} on 1 hosts
2026-08-31 11:42:57,198 -  nornir.core -     INFO -        run() - Running task 'netmiko_send_command' with args {'command_string': 'show interface brief', 'read_timeout': 30} on 1 hosts
2026-08-31 11:46:07,111 -  nornir.core -     INFO -        run() - Running task 'netmiko_send_config' with args {'config_commands': ['interface 1/1/5', 'lag 1', 'no shutdown', 'exit', 'interface 1/1/6', 'lag 1', 'no shutdown', 'exit', 'interface 1/1/7', 'lag 1', 'no shutdown', 'exit']} on 2 hosts
2026-08-31 11:46:24,597 -  nornir.core -     INFO -        run() - Running task 'netmiko_send_command' with args {'command_string': 'show lacp aggregates', 'read_timeout': 30} on 2 hosts
2026-08-31 11:46:26,721 -  nornir.core -     INFO -        run() - Running task 'netmiko_send_command' with args {'command_string': 'show vsx status', 'read_timeout': 30} on 2 hosts
2026-08-31 11:46:54,028 -  nornir.core -     INFO -        run() - Running task 'netmiko_send_config' with args {'config_commands': ['interface lag 10', 'description MC-LAG-to-access1', 'no shutdown', 'no routing', 'vlan trunk native 1', 'vlan trunk allowed 1-10', 'lacp mode active', 'multi-chassis', 'exit', 'interface lag 20', 'description MC-LAG-to-access2', 'no shutdown', 'no routing', 'vlan trunk native 1', 'vlan trunk allowed 1-10', 'lacp mode active', 'multi-chassis', 'exit', 'interface 1/1/4', 'description LACP-to-access1', 'lag 10', 'no shutdown', 'exit', 'interface 1/1/3', 'description LACP-to-access2', 'lag 20', 'no shutdown', 'exit']} on 2 hosts
2026-08-31 11:47:57,645 -  nornir.core -     INFO -        run() - Running task 'netmiko_send_config' with args {'config_commands': ['vsx', 'no keepalive peer 1.1.1.1 source 1.1.1.0 vrf keepalive', 'keepalive peer 10.1.1.64 source 10.1.1.63 vrf mgmt', 'exit', 'interface 1/1/3', 'no ip address 1.1.1.0/31', 'no vrf attach keepalive', 'exit']} on 1 hosts
2026-08-31 11:47:59,830 -  nornir.core -     INFO -        run() - Running task 'netmiko_send_config' with args {'config_commands': ['vsx', 'no keepalive peer 1.1.1.0 source 1.1.1.1 vrf keepalive', 'keepalive peer 10.1.1.63 source 10.1.1.64 vrf mgmt', 'exit', 'interface 1/1/3', 'no ip address 1.1.1.1/31', 'no vrf attach keepalive', 'exit']} on 1 hosts
2026-08-31 11:48:21,663 -  nornir.core -     INFO -        run() - Running task 'netmiko_send_config' with args {'config_commands': ['no interface lag 10', 'no interface lag 20', 'interface lag 10 multi-chassis', 'description MC-LAG-to-access1', 'no shutdown', 'no routing', 'vlan trunk native 1', 'vlan trunk allowed 1-10', 'lacp mode active', 'exit', 'interface lag 20 multi-chassis', 'description MC-LAG-to-access2', 'no shutdown', 'no routing', 'vlan trunk native 1', 'vlan trunk allowed 1-10', 'lacp mode active', 'exit', 'interface 1/1/4', 'description LACP-to-access1', 'lag 10', 'no shutdown', 'exit', 'interface 1/1/3', 'description LACP-to-access2', 'lag 20', 'no shutdown', 'exit']} on 2 hosts
2026-08-31 11:48:45,782 -  nornir.core -     INFO -        run() - Running task 'netmiko_send_config' with args {'config_commands': ['vlan 2', 'exit', 'vlan 3', 'exit', 'vlan 4', 'exit', 'vlan 5', 'exit', 'vlan 6', 'exit', 'vlan 7', 'exit', 'vlan 8', 'exit', 'vlan 9', 'exit', 'vlan 10', 'exit', 'interface lag 10', 'description LACP-uplink-to-dist-pair', 'no shutdown', 'no routing', 'vlan trunk native 1', 'vlan trunk allowed 1-10', 'lacp mode active', 'exit', 'interface 1/1/1', 'description LACP-uplink-member-to-distribution', 'lag 10', 'no shutdown', 'exit', 'interface 1/1/2', 'description LACP-uplink-member-to-distribution', 'lag 10', 'no shutdown', 'exit']} on 1 hosts
2026-08-31 11:48:48,609 -  nornir.core -     INFO -        run() - Running task 'netmiko_send_config' with args {'config_commands': ['vlan 2', 'exit', 'vlan 3', 'exit', 'vlan 4', 'exit', 'vlan 5', 'exit', 'vlan 6', 'exit', 'vlan 7', 'exit', 'vlan 8', 'exit', 'vlan 9', 'exit', 'vlan 10', 'exit', 'interface lag 20', 'description LACP-uplink-to-dist-pair', 'no shutdown', 'no routing', 'vlan trunk native 1', 'vlan trunk allowed 1-10', 'lacp mode active', 'exit', 'interface 1/1/1', 'description LACP-uplink-member-to-distribution', 'lag 20', 'no shutdown', 'exit', 'interface 1/1/2', 'description LACP-uplink-member-to-distribution', 'lag 20', 'no shutdown', 'exit']} on 1 hosts
2026-08-31 11:49:12,341 -  nornir.core -     INFO -        run() - Running task 'netmiko_send_command' with args {'command_string': 'show lacp aggregates', 'read_timeout': 30} on 1 hosts
2026-08-31 11:49:14,240 -  nornir.core -     INFO -        run() - Running task 'netmiko_send_command' with args {'command_string': 'show lacp interfaces', 'read_timeout': 30} on 1 hosts
2026-08-31 11:49:14,325 -  nornir.core -     INFO -        run() - Running task 'netmiko_send_command' with args {'command_string': 'show interface brief', 'read_timeout': 30} on 1 hosts
2026-08-31 11:49:14,434 -  nornir.core -     INFO -        run() - Running task 'netmiko_send_command' with args {'command_string': 'show vlan', 'read_timeout': 30} on 1 hosts
2026-08-31 11:49:14,518 -  nornir.core -     INFO -        run() - Running task 'netmiko_send_command' with args {'command_string': 'show lldp neighbor-info', 'read_timeout': 30} on 1 hosts
2026-08-31 11:49:14,601 -  nornir.core -     INFO -        run() - Running task 'netmiko_send_command' with args {'command_string': 'show vsx status', 'read_timeout': 30} on 1 hosts
2026-08-31 11:49:14,685 -  nornir.core -     INFO -        run() - Running task 'netmiko_send_command' with args {'command_string': 'show lacp aggregates', 'read_timeout': 30} on 1 hosts
2026-08-31 11:49:16,758 -  nornir.core -     INFO -        run() - Running task 'netmiko_send_command' with args {'command_string': 'show lacp interfaces', 'read_timeout': 30} on 1 hosts
2026-08-31 11:49:16,841 -  nornir.core -     INFO -        run() - Running task 'netmiko_send_command' with args {'command_string': 'show interface brief', 'read_timeout': 30} on 1 hosts
2026-08-31 11:49:16,924 -  nornir.core -     INFO -        run() - Running task 'netmiko_send_command' with args {'command_string': 'show vlan', 'read_timeout': 30} on 1 hosts
2026-08-31 11:49:17,033 -  nornir.core -     INFO -        run() - Running task 'netmiko_send_command' with args {'command_string': 'show lldp neighbor-info', 'read_timeout': 30} on 1 hosts
2026-08-31 11:49:17,117 -  nornir.core -     INFO -        run() - Running task 'netmiko_send_command' with args {'command_string': 'show vsx status', 'read_timeout': 30} on 1 hosts
2026-08-31 11:49:17,199 -  nornir.core -     INFO -        run() - Running task 'netmiko_send_command' with args {'command_string': 'show lacp aggregates', 'read_timeout': 30} on 1 hosts
2026-08-31 11:49:19,101 -  nornir.core -     INFO -        run() - Running task 'netmiko_send_command' with args {'command_string': 'show lacp interfaces', 'read_timeout': 30} on 1 hosts
2026-08-31 11:49:19,185 -  nornir.core -     INFO -        run() - Running task 'netmiko_send_command' with args {'command_string': 'show interface brief', 'read_timeout': 30} on 1 hosts
2026-08-31 11:49:19,268 -  nornir.core -     INFO -        run() - Running task 'netmiko_send_command' with args {'command_string': 'show vlan', 'read_timeout': 30} on 1 hosts
2026-08-31 11:49:19,351 -  nornir.core -     INFO -        run() - Running task 'netmiko_send_command' with args {'command_string': 'show lldp neighbor-info', 'read_timeout': 30} on 1 hosts
2026-08-31 11:49:19,433 -  nornir.core -     INFO -        run() - Running task 'netmiko_send_command' with args {'command_string': 'show lacp aggregates', 'read_timeout': 30} on 1 hosts
2026-08-31 11:49:21,402 -  nornir.core -     INFO -        run() - Running task 'netmiko_send_command' with args {'command_string': 'show lacp interfaces', 'read_timeout': 30} on 1 hosts
2026-08-31 11:49:21,486 -  nornir.core -     INFO -        run() - Running task 'netmiko_send_command' with args {'command_string': 'show interface brief', 'read_timeout': 30} on 1 hosts
2026-08-31 11:49:21,569 -  nornir.core -     INFO -        run() - Running task 'netmiko_send_command' with args {'command_string': 'show vlan', 'read_timeout': 30} on 1 hosts
2026-08-31 11:49:21,653 -  nornir.core -     INFO -        run() - Running task 'netmiko_send_command' with args {'command_string': 'show lldp neighbor-info', 'read_timeout': 30} on 1 hosts
2026-08-31 11:50:07,950 -  nornir.core -     INFO -        run() - Running task 'netmiko_send_config' with args {'config_commands': ['interface 1/1/4', 'shutdown', 'no shutdown', 'exit']} on 1 hosts
2026-08-31 11:50:10,119 -  nornir.core -     INFO -        run() - Running task 'netmiko_send_config' with args {'config_commands': ['interface 1/1/2', 'shutdown', 'no shutdown', 'exit']} on 1 hosts
2026-08-31 11:50:27,160 -  nornir.core -     INFO -        run() - Running task 'netmiko_send_command' with args {'command_string': 'show lacp interfaces', 'read_timeout': 30} on 1 hosts
2026-08-31 11:50:29,322 -  nornir.core -     INFO -        run() - Running task 'netmiko_send_command' with args {'command_string': 'show interface brief', 'read_timeout': 30} on 1 hosts
2026-08-31 11:50:29,448 -  nornir.core -     INFO -        run() - Running task 'netmiko_send_command' with args {'command_string': 'show lacp interfaces', 'read_timeout': 30} on 1 hosts
2026-08-31 11:50:31,492 -  nornir.core -     INFO -        run() - Running task 'netmiko_send_command' with args {'command_string': 'show interface brief', 'read_timeout': 30} on 1 hosts
2026-08-31 11:50:31,617 -  nornir.core -     INFO -        run() - Running task 'netmiko_send_command' with args {'command_string': 'show lacp interfaces', 'read_timeout': 30} on 1 hosts
2026-08-31 11:50:33,665 -  nornir.core -     INFO -        run() - Running task 'netmiko_send_command' with args {'command_string': 'show interface brief', 'read_timeout': 30} on 1 hosts
2026-08-31 11:50:33,774 -  nornir.core -     INFO -        run() - Running task 'netmiko_send_command' with args {'command_string': 'show lacp interfaces', 'read_timeout': 30} on 1 hosts
2026-08-31 11:50:35,900 -  nornir.core -     INFO -        run() - Running task 'netmiko_send_command' with args {'command_string': 'show interface brief', 'read_timeout': 30} on 1 hosts
2026-08-31 11:51:03,773 -  nornir.core -     INFO -        run() - Running task 'netmiko_send_command' with args {'command_string': 'write memory', 'read_timeout': 60} on 4 hosts
2026-08-31 11:51:09,359 -  nornir.core -     INFO -        run() - Running task 'run_commands_and_save' with args {'output_directory': PosixPath('/home/alu/nornirstuff/aos-3-tier/outputs')} on 6 hosts
2026-08-31 11:51:11,885 -  nornir.core -     INFO -        run() - Running task 'close_connections_task' with args {} on 6 hosts
2026-08-31 11:51:27,318 -  nornir.core -     INFO -        run() - Running task 'netmiko_send_command' with args {'command_string': 'show vsx status', 'read_timeout': 30} on 2 hosts
2026-08-31 11:51:29,330 -  nornir.core -     INFO -        run() - Running task 'netmiko_send_command' with args {'command_string': 'show ip ospf neighbors', 'read_timeout': 30} on 2 hosts
2026-08-31 11:53:18,688 -  nornir.core -     INFO -        run() - Running task 'run_commands_and_save' with args {'output_directory': PosixPath('/home/alu/nornirstuff/aos-3-tier/outputs')} on 6 hosts
2026-08-31 11:53:21,131 -  nornir.core -     INFO -        run() - Running task 'close_connections_task' with args {} on 6 hosts
2026-08-31 11:59:28,457 -  nornir.core -     INFO -        run() - Running task 'run_commands_and_save' with args {'output_directory': PosixPath('/home/alu/nornirstuff/aos-3-tier/outputs')} on 6 hosts
2026-08-31 11:59:30,962 -  nornir.core -     INFO -        run() - Running task 'close_connections_task' with args {} on 6 hosts
2026-08-31 11:59:31,427 -  nornir.core -     INFO -        run() - Running task 'netmiko_send_command' with args {'command_string': 'show interface 1/1/7', 'read_timeout': 30} on 1 hosts
2026-08-31 11:59:33,271 -  nornir.core -     INFO -        run() - Running task 'netmiko_send_command' with args {'command_string': 'show ip interface brief', 'read_timeout': 30} on 1 hosts
2026-08-31 11:59:33,558 -  nornir.core -     INFO -        run() - Running task 'netmiko_send_command' with args {'command_string': 'show ip route', 'read_timeout': 30} on 1 hosts
2026-08-31 11:59:33,642 -  nornir.core -     INFO -        run() - Running task 'netmiko_send_command' with args {'command_string': 'show interface 1/1/7', 'read_timeout': 30} on 1 hosts
2026-08-31 11:59:35,442 -  nornir.core -     INFO -        run() - Running task 'netmiko_send_command' with args {'command_string': 'show ip interface brief', 'read_timeout': 30} on 1 hosts
2026-08-31 11:59:35,689 -  nornir.core -     INFO -        run() - Running task 'netmiko_send_command' with args {'command_string': 'show ip route', 'read_timeout': 30} on 1 hosts
2026-08-31 11:59:56,130 -  nornir.core -     INFO -        run() - Running task 'netmiko_send_command' with args {'command_string': 'ping 192.0.2.1 repetitions 5', 'read_timeout': 30} on 1 hosts
2026-08-31 12:00:02,266 -  nornir.core -     INFO -        run() - Running task 'netmiko_send_command' with args {'command_string': 'ping 192.0.2.5 repetitions 5', 'read_timeout': 30} on 1 hosts
2026-08-31 12:04:45,361 -  nornir.core -     INFO -        run() - Running task 'run_commands_and_save' with args {'output_directory': PosixPath('/home/alu/nornirstuff/aos-3-tier/outputs')} on 6 hosts
2026-08-31 12:04:47,815 -  nornir.core -     INFO -        run() - Running task 'close_connections_task' with args {} on 6 hosts
2026-08-31 12:05:19,483 -  nornir.core -     INFO -        run() - Running task 'netmiko_send_config' with args {'config_commands': ['interface vlan 2', 'description VLAN2-Gateway', 'ip address 10.2.0.2/24', 'active-gateway ip 10.2.0.1 mac 02:00:00:00:02:01', 'ip ospf 1 area 0.0.0.0', 'ip ospf passive', 'no shutdown', 'exit']} on 1 hosts
2026-08-31 12:05:21,721 -  nornir.core -     INFO -        run() - Running task 'netmiko_send_config' with args {'config_commands': ['interface vlan 2', 'description VLAN2-Gateway', 'ip address 10.2.0.3/24', 'active-gateway ip 10.2.0.1 mac 02:00:00:00:02:01', 'ip ospf 1 area 0.0.0.0', 'ip ospf passive', 'no shutdown', 'exit']} on 1 hosts
2026-08-31 12:05:43,678 -  nornir.core -     INFO -        run() - Running task 'netmiko_send_config' with args {'config_commands': ['interface vlan 3', 'description VLAN3-Gateway', 'ip address 10.3.0.2/24', 'active-gateway ip 10.3.0.1 mac 02:00:00:00:03:01', 'ip ospf 1 area 0.0.0.0', 'ip ospf passive', 'no shutdown', 'exit', 'interface vlan 4', 'description VLAN4-Gateway', 'ip address 10.4.0.2/24', 'active-gateway ip 10.4.0.1 mac 02:00:00:00:04:01', 'ip ospf 1 area 0.0.0.0', 'ip ospf passive', 'no shutdown', 'exit', 'interface vlan 5', 'description VLAN5-Gateway', 'ip address 10.5.0.2/24', 'active-gateway ip 10.5.0.1 mac 02:00:00:00:05:01', 'ip ospf 1 area 0.0.0.0', 'ip ospf passive', 'no shutdown', 'exit', 'interface vlan 6', 'description VLAN6-Gateway', 'ip address 10.6.0.2/24', 'active-gateway ip 10.6.0.1 mac 02:00:00:00:06:01', 'ip ospf 1 area 0.0.0.0', 'ip ospf passive', 'no shutdown', 'exit', 'interface vlan 7', 'description VLAN7-Gateway', 'ip address 10.7.0.2/24', 'active-gateway ip 10.7.0.1 mac 02:00:00:00:07:01', 'ip ospf 1 area 0.0.0.0', 'ip ospf passive', 'no shutdown', 'exit', 'interface vlan 8', 'description VLAN8-Gateway', 'ip address 10.8.0.2/24', 'active-gateway ip 10.8.0.1 mac 02:00:00:00:08:01', 'ip ospf 1 area 0.0.0.0', 'ip ospf passive', 'no shutdown', 'exit', 'interface vlan 9', 'description VLAN9-Gateway', 'ip address 10.9.0.2/24', 'active-gateway ip 10.9.0.1 mac 02:00:00:00:09:01', 'ip ospf 1 area 0.0.0.0', 'ip ospf passive', 'no shutdown', 'exit', 'interface vlan 10', 'description VLAN10-Gateway', 'ip address 10.10.0.2/24', 'active-gateway ip 10.10.0.1 mac 02:00:00:00:0a:01', 'ip ospf 1 area 0.0.0.0', 'ip ospf passive', 'no shutdown', 'exit']} on 1 hosts
2026-08-31 12:05:47,225 -  nornir.core -     INFO -        run() - Running task 'netmiko_send_config' with args {'config_commands': ['interface vlan 3', 'description VLAN3-Gateway', 'ip address 10.3.0.3/24', 'active-gateway ip 10.3.0.1 mac 02:00:00:00:03:01', 'ip ospf 1 area 0.0.0.0', 'ip ospf passive', 'no shutdown', 'exit', 'interface vlan 4', 'description VLAN4-Gateway', 'ip address 10.4.0.3/24', 'active-gateway ip 10.4.0.1 mac 02:00:00:00:04:01', 'ip ospf 1 area 0.0.0.0', 'ip ospf passive', 'no shutdown', 'exit', 'interface vlan 5', 'description VLAN5-Gateway', 'ip address 10.5.0.3/24', 'active-gateway ip 10.5.0.1 mac 02:00:00:00:05:01', 'ip ospf 1 area 0.0.0.0', 'ip ospf passive', 'no shutdown', 'exit', 'interface vlan 6', 'description VLAN6-Gateway', 'ip address 10.6.0.3/24', 'active-gateway ip 10.6.0.1 mac 02:00:00:00:06:01', 'ip ospf 1 area 0.0.0.0', 'ip ospf passive', 'no shutdown', 'exit', 'interface vlan 7', 'description VLAN7-Gateway', 'ip address 10.7.0.3/24', 'active-gateway ip 10.7.0.1 mac 02:00:00:00:07:01', 'ip ospf 1 area 0.0.0.0', 'ip ospf passive', 'no shutdown', 'exit', 'interface vlan 8', 'description VLAN8-Gateway', 'ip address 10.8.0.3/24', 'active-gateway ip 10.8.0.1 mac 02:00:00:00:08:01', 'ip ospf 1 area 0.0.0.0', 'ip ospf passive', 'no shutdown', 'exit', 'interface vlan 9', 'description VLAN9-Gateway', 'ip address 10.9.0.3/24', 'active-gateway ip 10.9.0.1 mac 02:00:00:00:09:01', 'ip ospf 1 area 0.0.0.0', 'ip ospf passive', 'no shutdown', 'exit', 'interface vlan 10', 'description VLAN10-Gateway', 'ip address 10.10.0.3/24', 'active-gateway ip 10.10.0.1 mac 02:00:00:00:0a:01', 'ip ospf 1 area 0.0.0.0', 'ip ospf passive', 'no shutdown', 'exit']} on 1 hosts
2026-08-31 12:06:12,709 -  nornir.core -     INFO -        run() - Running task 'netmiko_send_config' with args {'config_commands': ['ip route 0.0.0.0/0 192.0.2.1', 'router ospf 1', 'default-information originate', 'exit']} on 1 hosts
2026-08-31 12:06:14,904 -  nornir.core -     INFO -        run() - Running task 'netmiko_send_config' with args {'config_commands': ['ip route 0.0.0.0/0 192.0.2.5', 'router ospf 1', 'default-information originate', 'exit']} on 1 hosts
2026-08-31 12:06:43,069 -  nornir.core -     INFO -        run() - Running task 'netmiko_send_command' with args {'command_string': 'show ip route', 'read_timeout': 30} on 1 hosts
2026-08-31 12:06:44,973 -  nornir.core -     INFO -        run() - Running task 'netmiko_send_command' with args {'command_string': 'show ip ospf neighbors', 'read_timeout': 30} on 1 hosts
2026-08-31 12:06:45,082 -  nornir.core -     INFO -        run() - Running task 'netmiko_send_command' with args {'command_string': 'show ip route', 'read_timeout': 30} on 1 hosts
2026-08-31 12:06:47,126 -  nornir.core -     INFO -        run() - Running task 'netmiko_send_command' with args {'command_string': 'show ip ospf neighbors', 'read_timeout': 30} on 1 hosts
2026-08-31 12:06:47,246 -  nornir.core -     INFO -        run() - Running task 'netmiko_send_command' with args {'command_string': 'show ip route', 'read_timeout': 30} on 1 hosts
2026-08-31 12:06:49,268 -  nornir.core -     INFO -        run() - Running task 'netmiko_send_command' with args {'command_string': 'show ip ospf neighbors', 'read_timeout': 30} on 1 hosts
2026-08-31 12:06:49,376 -  nornir.core -     INFO -        run() - Running task 'netmiko_send_command' with args {'command_string': 'show interface vlan 2', 'read_timeout': 30} on 1 hosts
2026-08-31 12:06:49,460 -  nornir.core -     INFO -        run() - Running task 'netmiko_send_command' with args {'command_string': 'show interface vlan 10', 'read_timeout': 30} on 1 hosts
2026-08-31 12:06:49,544 -  nornir.core -     INFO -        run() - Running task 'netmiko_send_command' with args {'command_string': 'ping 192.0.2.1 source 10.2.0.2 repetitions 5', 'read_timeout': 30} on 1 hosts
2026-08-31 12:06:53,666 -  nornir.core -     INFO -        run() - Running task 'netmiko_send_command' with args {'command_string': 'show ip route', 'read_timeout': 30} on 1 hosts
2026-08-31 12:06:55,658 -  nornir.core -     INFO -        run() - Running task 'netmiko_send_command' with args {'command_string': 'show ip ospf neighbors', 'read_timeout': 30} on 1 hosts
2026-08-31 12:06:55,844 -  nornir.core -     INFO -        run() - Running task 'netmiko_send_command' with args {'command_string': 'show interface vlan 2', 'read_timeout': 30} on 1 hosts
2026-08-31 12:06:55,928 -  nornir.core -     INFO -        run() - Running task 'netmiko_send_command' with args {'command_string': 'show interface vlan 10', 'read_timeout': 30} on 1 hosts
2026-08-31 12:06:56,011 -  nornir.core -     INFO -        run() - Running task 'netmiko_send_command' with args {'command_string': 'ping 192.0.2.5 source 10.2.0.3 repetitions 5', 'read_timeout': 30} on 1 hosts
2026-08-31 12:07:21,797 -  nornir.core -     INFO -        run() - Running task 'netmiko_send_command' with args {'command_string': 'write memory', 'read_timeout': 60} on 4 hosts
2026-08-31 12:07:27,512 -  nornir.core -     INFO -        run() - Running task 'run_commands_and_save' with args {'output_directory': PosixPath('/home/alu/nornirstuff/aos-3-tier/outputs')} on 6 hosts
2026-08-31 12:07:29,803 -  nornir.core -     INFO -        run() - Running task 'close_connections_task' with args {} on 6 hosts
2026-08-31 12:08:51,259 -  nornir.core -     INFO -        run() - Running task 'run_commands_and_save' with args {'output_directory': PosixPath('/home/alu/nornirstuff/aos-3-tier/outputs')} on 6 hosts
2026-08-31 12:08:53,570 -  nornir.core -     INFO -        run() - Running task 'close_connections_task' with args {} on 6 hosts
2026-08-31 13:41:15,110 -  nornir.core -     INFO -        run() - Running task 'run_commands_and_save' with args {'commands': ['sh ip int br | i up', 'sh ip route', 'sh ip ospf', 'sh ip ospf nei'], 'output_directory': PosixPath('/home/alu/nornirstuff/aos-3-tier/outputs'), 'filename_suffix': 'vlan'} on 6 hosts
2026-08-31 13:41:19,245 -  nornir.core -     INFO -        run() - Running task 'close_connections_task' with args {} on 6 hosts
2026-08-31 13:42:06,211 -  nornir.core -     INFO -        run() - Running task 'run_commands_and_save' with args {'commands': ['sh ip int br | i up', 'sh ip route', 'sh ip ospf', 'sh ip ospf nei'], 'output_directory': PosixPath('/home/alu/nornirstuff/aos-3-tier/outputs'), 'filename_suffix': 'route'} on 6 hosts
2026-08-31 13:42:09,010 -  nornir.core -     INFO -        run() - Running task 'close_connections_task' with args {} on 6 hosts
2026-08-31 14:34:22,003 -  nornir.core -     INFO -        run() - Running task 'run_commands_and_save' with args {'output_directory': PosixPath('/home/alu/nornirstuff/aos-3-tier/outputs')} on 6 hosts
2026-08-31 14:34:25,444 -  nornir.core -     INFO -        run() - Running task 'close_connections_task' with args {} on 6 hosts
2026-08-31 14:52:57,348 -  nornir.core -     INFO -        run() - Running task 'netmiko_send_command' with args {'command_string': 'show interface 1/1/3', 'read_timeout': 30} on 1 hosts
2026-08-31 14:52:59,249 -  nornir.core -     INFO -        run() - Running task 'netmiko_send_command' with args {'command_string': 'show running-config interface 1/1/3', 'read_timeout': 30} on 1 hosts
2026-08-31 14:52:59,336 -  nornir.core -     INFO -        run() - Running task 'netmiko_send_command' with args {'command_string': 'show vlan', 'read_timeout': 30} on 1 hosts
2026-08-31 14:52:59,420 -  nornir.core -     INFO -        run() - Running task 'netmiko_send_command' with args {'command_string': 'show mac-address-table', 'read_timeout': 30} on 1 hosts
2026-08-31 14:52:59,504 -  nornir.core -     INFO -        run() - Running task 'netmiko_send_command' with args {'command_string': 'show lldp neighbor-info', 'read_timeout': 30} on 1 hosts
2026-08-31 14:52:59,588 -  nornir.core -     INFO -        run() - Running task 'netmiko_send_command' with args {'command_string': 'show arp', 'read_timeout': 30} on 1 hosts
2026-08-31 14:53:01,725 -  nornir.core -     INFO -        run() - Running task 'netmiko_send_command' with args {'command_string': 'show ip route', 'read_timeout': 30} on 1 hosts
2026-08-31 14:53:01,834 -  nornir.core -     INFO -        run() - Running task 'netmiko_send_command' with args {'command_string': 'show ip ospf neighbors', 'read_timeout': 30} on 1 hosts
2026-08-31 14:53:01,919 -  nornir.core -     INFO -        run() - Running task 'netmiko_send_command' with args {'command_string': 'show arp', 'read_timeout': 30} on 1 hosts
2026-08-31 14:53:04,167 -  nornir.core -     INFO -        run() - Running task 'netmiko_send_command' with args {'command_string': 'show ip route', 'read_timeout': 30} on 1 hosts
2026-08-31 14:53:04,251 -  nornir.core -     INFO -        run() - Running task 'netmiko_send_command' with args {'command_string': 'show ip ospf neighbors', 'read_timeout': 30} on 1 hosts
2026-08-31 14:53:04,361 -  nornir.core -     INFO -        run() - Running task 'netmiko_send_command' with args {'command_string': 'show ip route', 'read_timeout': 30} on 1 hosts
2026-08-31 14:53:06,393 -  nornir.core -     INFO -        run() - Running task 'netmiko_send_command' with args {'command_string': 'ping 192.0.2.5 source 10.2.0.2 repetitions 5', 'read_timeout': 30} on 1 hosts
2026-08-31 14:53:06,503 -  nornir.core -     INFO -        run() - Running task 'netmiko_send_command' with args {'command_string': 'show ip route', 'read_timeout': 30} on 1 hosts
2026-08-31 14:53:08,640 -  nornir.core -     INFO -        run() - Running task 'netmiko_send_command' with args {'command_string': 'ping 192.0.2.5 source 10.2.0.2 repetitions 5', 'read_timeout': 30} on 1 hosts
2026-08-31 14:55:26,549 -  nornir.core -     INFO -        run() - Running task 'netmiko_send_command' with args {'command_string': 'show arp', 'read_timeout': 30} on 1 hosts
2026-08-31 14:55:28,483 -  nornir.core -     INFO -        run() - Running task 'netmiko_send_command' with args {'command_string': 'show ip ospf neighbors', 'read_timeout': 30} on 1 hosts
2026-08-31 14:55:28,592 -  nornir.core -     INFO -        run() - Running task 'netmiko_send_command' with args {'command_string': 'show vsx status', 'read_timeout': 30} on 1 hosts
2026-08-31 14:55:28,687 -  nornir.core -     INFO -        run() - Running task 'netmiko_send_command' with args {'command_string': 'show arp', 'read_timeout': 30} on 1 hosts
2026-08-31 14:55:30,753 -  nornir.core -     INFO -        run() - Running task 'netmiko_send_command' with args {'command_string': 'show ip ospf neighbors', 'read_timeout': 30} on 1 hosts
2026-08-31 14:55:30,836 -  nornir.core -     INFO -        run() - Running task 'netmiko_send_command' with args {'command_string': 'show vsx status', 'read_timeout': 30} on 1 hosts
2026-08-31 15:10:58,115 -  nornir.core -     INFO -        run() - Running task 'run_commands_and_save' with args {'commands': ['wr m'], 'output_directory': PosixPath('/home/alu/nornirstuff/aos-3-tier/outputs'), 'filename_suffix': 'wr'} on 6 hosts
2026-08-31 15:11:04,330 -  nornir.core -     INFO -        run() - Running task 'close_connections_task' with args {} on 6 hosts
2026-09-10 11:09:06,731 -  nornir.core -     INFO -        run() - Running task 'netmiko_send_command' with args {'command_string': 'show ip interface brief | i up'} on 6 hosts
2026-09-10 11:09:10,986 - nornir.core.task -    ERROR -      start() - Host 'dist2': task 'netmiko_send_command' failed with traceback:
Traceback (most recent call last):
  File "/home/alu/nornirstuff/.venv/lib/python3.10/site-packages/netmiko/base_connection.py", line 1146, in establish_connection
    self.remote_conn_pre.connect(**ssh_connect_params)
  File "/home/alu/nornirstuff/.venv/lib/python3.10/site-packages/paramiko/client.py", line 477, in connect
    self._auth(
  File "/home/alu/nornirstuff/.venv/lib/python3.10/site-packages/paramiko/client.py", line 779, in _auth
    raise saved_exception
  File "/home/alu/nornirstuff/.venv/lib/python3.10/site-packages/paramiko/client.py", line 766, in _auth
    self._transport.auth_password(username, password)
  File "/home/alu/nornirstuff/.venv/lib/python3.10/site-packages/paramiko/transport.py", line 1529, in auth_password
    return self.auth_handler.wait_for_response(my_event)
  File "/home/alu/nornirstuff/.venv/lib/python3.10/site-packages/paramiko/auth_handler.py", line 227, in wait_for_response
    raise e
paramiko.ssh_exception.AuthenticationException: Authentication failed.

During handling of the above exception, another exception occurred:

Traceback (most recent call last):
  File "/home/alu/nornirstuff/.venv/lib/python3.10/site-packages/nornir/core/task.py", line 102, in start
    r = self.task(self, **self.params)
  File "/home/alu/nornirstuff/.venv/lib/python3.10/site-packages/nornir_netmiko/tasks/netmiko_send_command.py", line 26, in netmiko_send_command
    net_connect = task.host.get_connection(CONNECTION_NAME, task.nornir.config)
  File "/home/alu/nornirstuff/.venv/lib/python3.10/site-packages/nornir/core/inventory.py", line 474, in get_connection
    self.open_connection(
  File "/home/alu/nornirstuff/.venv/lib/python3.10/site-packages/nornir/core/inventory.py", line 526, in open_connection
    conn_obj.open(
  File "/home/alu/nornirstuff/.venv/lib/python3.10/site-packages/nornir_netmiko/connections/netmiko.py", line 59, in open
    connection = ConnectHandler(**parameters)
  File "/home/alu/nornirstuff/.venv/lib/python3.10/site-packages/netmiko/ssh_dispatcher.py", line 460, in ConnectHandler
    return ConnectionClass(*args, **kwargs)
  File "/home/alu/nornirstuff/.venv/lib/python3.10/site-packages/netmiko/aruba/aruba_aoscx.py", line 18, in __init__
    return super().__init__(**kwargs)
  File "/home/alu/nornirstuff/.venv/lib/python3.10/site-packages/netmiko/base_connection.py", line 495, in __init__
    self._open()
  File "/home/alu/nornirstuff/.venv/lib/python3.10/site-packages/netmiko/base_connection.py", line 500, in _open
    self.establish_connection()
  File "/home/alu/nornirstuff/.venv/lib/python3.10/site-packages/netmiko/base_connection.py", line 1183, in establish_connection
    raise NetmikoAuthenticationException(msg)
netmiko.exceptions.NetmikoAuthenticationException: Authentication to device failed.

Common causes of this problem are:
1. Invalid username and password
2. Incorrect SSH-key file
3. Connecting to the wrong device

Device settings: aruba_aoscx 10.1.1.64:22

Authentication failed.

2026-09-10 11:09:10,986 -  nornir.core -     INFO -        run() - Running task 'close_connections_task' with args {} on 5 hosts
2026-09-10 11:15:59,045 -  nornir.core -     INFO -        run() - Running task 'run_commands_and_save' with args {'output_directory': PosixPath('/home/alu/nornirstuff/aos-3-tier/outputs')} on 6 hosts
2026-09-10 11:16:03,325 - nornir.core.task -    ERROR -      start() - Host 'dist2': task 'netmiko_send_command' failed with traceback:
Traceback (most recent call last):
  File "/home/alu/nornirstuff/.venv/lib/python3.10/site-packages/netmiko/base_connection.py", line 1146, in establish_connection
    self.remote_conn_pre.connect(**ssh_connect_params)
  File "/home/alu/nornirstuff/.venv/lib/python3.10/site-packages/paramiko/client.py", line 477, in connect
    self._auth(
  File "/home/alu/nornirstuff/.venv/lib/python3.10/site-packages/paramiko/client.py", line 779, in _auth
    raise saved_exception
  File "/home/alu/nornirstuff/.venv/lib/python3.10/site-packages/paramiko/client.py", line 766, in _auth
    self._transport.auth_password(username, password)
  File "/home/alu/nornirstuff/.venv/lib/python3.10/site-packages/paramiko/transport.py", line 1529, in auth_password
    return self.auth_handler.wait_for_response(my_event)
  File "/home/alu/nornirstuff/.venv/lib/python3.10/site-packages/paramiko/auth_handler.py", line 227, in wait_for_response
    raise e
paramiko.ssh_exception.AuthenticationException: Authentication failed.

During handling of the above exception, another exception occurred:

Traceback (most recent call last):
  File "/home/alu/nornirstuff/.venv/lib/python3.10/site-packages/nornir/core/task.py", line 102, in start
    r = self.task(self, **self.params)
  File "/home/alu/nornirstuff/.venv/lib/python3.10/site-packages/nornir_netmiko/tasks/netmiko_send_command.py", line 26, in netmiko_send_command
    net_connect = task.host.get_connection(CONNECTION_NAME, task.nornir.config)
  File "/home/alu/nornirstuff/.venv/lib/python3.10/site-packages/nornir/core/inventory.py", line 474, in get_connection
    self.open_connection(
  File "/home/alu/nornirstuff/.venv/lib/python3.10/site-packages/nornir/core/inventory.py", line 526, in open_connection
    conn_obj.open(
  File "/home/alu/nornirstuff/.venv/lib/python3.10/site-packages/nornir_netmiko/connections/netmiko.py", line 59, in open
    connection = ConnectHandler(**parameters)
  File "/home/alu/nornirstuff/.venv/lib/python3.10/site-packages/netmiko/ssh_dispatcher.py", line 460, in ConnectHandler
    return ConnectionClass(*args, **kwargs)
  File "/home/alu/nornirstuff/.venv/lib/python3.10/site-packages/netmiko/aruba/aruba_aoscx.py", line 18, in __init__
    return super().__init__(**kwargs)
  File "/home/alu/nornirstuff/.venv/lib/python3.10/site-packages/netmiko/base_connection.py", line 495, in __init__
    self._open()
  File "/home/alu/nornirstuff/.venv/lib/python3.10/site-packages/netmiko/base_connection.py", line 500, in _open
    self.establish_connection()
  File "/home/alu/nornirstuff/.venv/lib/python3.10/site-packages/netmiko/base_connection.py", line 1183, in establish_connection
    raise NetmikoAuthenticationException(msg)
netmiko.exceptions.NetmikoAuthenticationException: Authentication to device failed.

Common causes of this problem are:
1. Invalid username and password
2. Incorrect SSH-key file
3. Connecting to the wrong device

Device settings: aruba_aoscx 10.1.1.64:22

Authentication failed.

2026-09-10 11:16:03,326 - nornir.core.task -    ERROR -      start() - Host 'dist2': task 'run_commands_and_save' failed with traceback:
Traceback (most recent call last):
  File "/home/alu/nornirstuff/.venv/lib/python3.10/site-packages/nornir/core/task.py", line 102, in start
    r = self.task(self, **self.params)
  File "/home/alu/nornirstuff/scripts/conf.py", line 108, in run_commands_and_save
    command_result = task.run(
  File "/home/alu/nornirstuff/.venv/lib/python3.10/site-packages/nornir/core/task.py", line 177, in run
    raise NornirSubTaskError(task=run_task, result=r)
nornir.core.exceptions.NornirSubTaskError: Subtask: netmiko_send_command (failed)


2026-09-10 11:16:03,327 -  nornir.core -     INFO -        run() - Running task 'close_connections_task' with args {} on 5 hosts
2026-09-10 11:17:44,031 -  nornir.core -     INFO -        run() - Running task 'run_commands_and_save' with args {'commands': ['sh ver'], 'output_directory': PosixPath('/home/alu/nornirstuff/aos-3-tier/outputs'), 'filename_suffix': None} on 6 hosts
2026-09-10 11:17:48,252 - nornir.core.task -    ERROR -      start() - Host 'dist2': task 'netmiko_send_command' failed with traceback:
Traceback (most recent call last):
  File "/home/alu/nornirstuff/.venv/lib/python3.10/site-packages/netmiko/base_connection.py", line 1146, in establish_connection
    self.remote_conn_pre.connect(**ssh_connect_params)
  File "/home/alu/nornirstuff/.venv/lib/python3.10/site-packages/paramiko/client.py", line 477, in connect
    self._auth(
  File "/home/alu/nornirstuff/.venv/lib/python3.10/site-packages/paramiko/client.py", line 779, in _auth
    raise saved_exception
  File "/home/alu/nornirstuff/.venv/lib/python3.10/site-packages/paramiko/client.py", line 766, in _auth
    self._transport.auth_password(username, password)
  File "/home/alu/nornirstuff/.venv/lib/python3.10/site-packages/paramiko/transport.py", line 1529, in auth_password
    return self.auth_handler.wait_for_response(my_event)
  File "/home/alu/nornirstuff/.venv/lib/python3.10/site-packages/paramiko/auth_handler.py", line 227, in wait_for_response
    raise e
paramiko.ssh_exception.AuthenticationException: Authentication failed.

During handling of the above exception, another exception occurred:

Traceback (most recent call last):
  File "/home/alu/nornirstuff/.venv/lib/python3.10/site-packages/nornir/core/task.py", line 102, in start
    r = self.task(self, **self.params)
  File "/home/alu/nornirstuff/.venv/lib/python3.10/site-packages/nornir_netmiko/tasks/netmiko_send_command.py", line 26, in netmiko_send_command
    net_connect = task.host.get_connection(CONNECTION_NAME, task.nornir.config)
  File "/home/alu/nornirstuff/.venv/lib/python3.10/site-packages/nornir/core/inventory.py", line 474, in get_connection
    self.open_connection(
  File "/home/alu/nornirstuff/.venv/lib/python3.10/site-packages/nornir/core/inventory.py", line 526, in open_connection
    conn_obj.open(
  File "/home/alu/nornirstuff/.venv/lib/python3.10/site-packages/nornir_netmiko/connections/netmiko.py", line 59, in open
    connection = ConnectHandler(**parameters)
  File "/home/alu/nornirstuff/.venv/lib/python3.10/site-packages/netmiko/ssh_dispatcher.py", line 460, in ConnectHandler
    return ConnectionClass(*args, **kwargs)
  File "/home/alu/nornirstuff/.venv/lib/python3.10/site-packages/netmiko/aruba/aruba_aoscx.py", line 18, in __init__
    return super().__init__(**kwargs)
  File "/home/alu/nornirstuff/.venv/lib/python3.10/site-packages/netmiko/base_connection.py", line 495, in __init__
    self._open()
  File "/home/alu/nornirstuff/.venv/lib/python3.10/site-packages/netmiko/base_connection.py", line 500, in _open
    self.establish_connection()
  File "/home/alu/nornirstuff/.venv/lib/python3.10/site-packages/netmiko/base_connection.py", line 1183, in establish_connection
    raise NetmikoAuthenticationException(msg)
netmiko.exceptions.NetmikoAuthenticationException: Authentication to device failed.

Common causes of this problem are:
1. Invalid username and password
2. Incorrect SSH-key file
3. Connecting to the wrong device

Device settings: aruba_aoscx 10.1.1.64:22

Authentication failed.

2026-09-10 11:17:48,253 - nornir.core.task -    ERROR -      start() - Host 'dist2': task 'run_commands_and_save' failed with traceback:
Traceback (most recent call last):
  File "/home/alu/nornirstuff/.venv/lib/python3.10/site-packages/nornir/core/task.py", line 102, in start
    r = self.task(self, **self.params)
  File "/home/alu/nornirstuff/scripts/cmds.py", line 169, in run_commands_and_save
    command_result = task.run(
  File "/home/alu/nornirstuff/.venv/lib/python3.10/site-packages/nornir/core/task.py", line 177, in run
    raise NornirSubTaskError(task=run_task, result=r)
nornir.core.exceptions.NornirSubTaskError: Subtask: netmiko_send_command (failed)


2026-09-10 11:17:48,253 -  nornir.core -     INFO -        run() - Running task 'close_connections_task' with args {} on 5 hosts
